x-axis,1,2
second,Volt,Volt
-2.666000E+00,,
-2.663500E+00,+5.338379E+00,+3.422241E+00
-2.661000E+00,+5.363505E+00,+4.085558E+00
-2.658500E+00,+5.378580E+00,+3.864452E+00
-2.656000E+00,+5.363505E+00,+3.944854E+00
-2.653500E+00,+5.378580E+00,+3.944854E+00
-2.651000E+00,+5.353455E+00,+4.015206E+00
-2.648500E+00,+5.353455E+00,+4.356915E+00
-2.646000E+00,+5.338379E+00,+3.251387E+00
-2.643500E+00,+5.363505E+00,+2.909679E+00
-2.641000E+00,+5.338379E+00,+3.753900E+00
-2.638500E+00,+5.353455E+00,+4.296613E+00
-2.636000E+00,+5.338379E+00,+4.377015E+00
-2.633500E+00,+5.363505E+00,+3.874503E+00
-2.631000E+00,+5.353455E+00,+2.859427E+00
-2.628500E+00,+5.353455E+00,+4.557920E+00
-2.626000E+00,+5.338379E+00,+3.864452E+00
-2.623500E+00,+5.403706E+00,+4.377015E+00
-2.621000E+00,+5.378580E+00,+3.412191E+00
-2.618500E+00,+5.338379E+00,+2.939829E+00
-2.616000E+00,+5.403706E+00,+3.733799E+00
-2.613500E+00,+5.388631E+00,+3.884553E+00
-2.611000E+00,+5.363505E+00,+3.814201E+00
-2.608500E+00,+5.388631E+00,+4.387066E+00
-2.606000E+00,+5.363505E+00,+3.552895E+00
-2.603500E+00,+5.363505E+00,+4.055407E+00
-2.601000E+00,+5.363505E+00,+2.738824E+00
-2.598500E+00,+5.353455E+00,+3.623246E+00
-2.596000E+00,+5.338379E+00,+3.924754E+00
-2.593500E+00,+5.363505E+00,+4.407166E+00
-2.591000E+00,+5.338379E+00,+3.693598E+00
-2.588500E+00,+5.353455E+00,+4.507669E+00
-2.586000E+00,+5.353455E+00,+3.412191E+00
-2.583500E+00,+5.338379E+00,+3.884553E+00
-2.581000E+00,+5.353455E+00,+2.939829E+00
-2.578500E+00,+5.353455E+00,+4.065457E+00
-2.576000E+00,+5.313254E+00,+4.115709E+00
-2.573500E+00,+5.403706E+00,+4.266462E+00
-2.571000E+00,+5.393656E+00,+3.613196E+00
-2.568500E+00,+5.323304E+00,+3.964955E+00
-2.566000E+00,+5.378580E+00,+4.055407E+00
-2.563500E+00,+5.348430E+00,+4.296613E+00
-2.561000E+00,+5.403706E+00,+4.055407E+00
-2.558500E+00,+5.353455E+00,+3.924754E+00
-2.556000E+00,+5.328329E+00,+4.467468E+00
-2.553500E+00,+5.363505E+00,+3.995106E+00
-2.551000E+00,+5.378580E+00,+3.874503E+00
-2.548500E+00,+5.403706E+00,+3.653397E+00
-2.546000E+00,+5.363505E+00,+4.628272E+00
-2.543500E+00,+5.353455E+00,+2.728774E+00
-2.541000E+00,+5.353455E+00,+3.361940E+00
-2.538500E+00,+5.378580E+00,+4.336814E+00
-2.536000E+00,+5.378580E+00,+2.598121E+00
-2.533500E+00,+5.363505E+00,+4.095608E+00
-2.531000E+00,+5.353455E+00,+3.562945E+00
-2.528500E+00,+5.353455E+00,+4.447367E+00
-2.526000E+00,+5.353455E+00,+3.613196E+00
-2.523500E+00,+5.403706E+00,+4.346865E+00
-2.521000E+00,+5.348430E+00,+3.070483E+00
-2.518500E+00,+5.338379E+00,+2.889578E+00
-2.516000E+00,+5.378580E+00,+2.799126E+00
-2.513500E+00,+5.353455E+00,+2.718724E+00
-2.511000E+00,+5.353455E+00,+3.542844E+00
-2.508500E+00,+5.338379E+00,+4.437317E+00
-2.506000E+00,+5.353455E+00,+4.276513E+00
-2.503500E+00,+5.363505E+00,+4.236312E+00
-2.501000E+00,+5.363505E+00,+4.567970E+00
-2.498500E+00,+5.393656E+00,+2.809176E+00
-2.496000E+00,+5.338379E+00,+2.839327E+00
-2.493500E+00,+5.323304E+00,+2.819226E+00
-2.491000E+00,+5.338379E+00,+2.628272E+00
-2.488500E+00,+5.378580E+00,+3.763950E+00
-2.486000E+00,+5.378580E+00,+3.985055E+00
-2.483500E+00,+5.378580E+00,+3.904653E+00
-2.481000E+00,+5.363505E+00,+3.442342E+00
-2.478500E+00,+5.388631E+00,+3.723749E+00
-2.476000E+00,+5.418781E+00,+3.914704E+00
-2.473500E+00,+5.363505E+00,+4.035307E+00
-2.471000E+00,+5.363505E+00,+4.226261E+00
-2.468500E+00,+5.338379E+00,+3.140834E+00
-2.466000E+00,+5.363505E+00,+4.186060E+00
-2.463500E+00,+5.363505E+00,+4.196111E+00
-2.461000E+00,+5.353455E+00,+3.593096E+00
-2.458500E+00,+5.363505E+00,+3.975005E+00
-2.456000E+00,+5.338379E+00,+3.301638E+00
-2.453500E+00,+5.378580E+00,+2.869478E+00
-2.451000E+00,+5.338379E+00,+4.366965E+00
-2.448500E+00,+5.378580E+00,+2.859427E+00
-2.446000E+00,+5.338379E+00,+3.964955E+00
-2.443500E+00,+5.378580E+00,+3.442342E+00
-2.441000E+00,+5.378580E+00,+3.894603E+00
-2.438500E+00,+5.378580E+00,+3.723749E+00
-2.436000E+00,+5.338379E+00,+4.005156E+00
-2.433500E+00,+5.378580E+00,+3.382040E+00
-2.431000E+00,+5.363505E+00,+4.648372E+00
-2.428500E+00,+5.363505E+00,+3.894603E+00
-2.426000E+00,+5.363505E+00,+3.703648E+00
-2.423500E+00,+5.388631E+00,+4.346865E+00
-2.421000E+00,+5.338379E+00,+3.291588E+00
-2.418500E+00,+5.363505E+00,+3.351890E+00
-2.416000E+00,+5.378580E+00,+3.914704E+00
-2.413500E+00,+5.338379E+00,+2.698623E+00
-2.411000E+00,+5.363505E+00,+2.869478E+00
-2.408500E+00,+5.378580E+00,+3.080533E+00
-2.406000E+00,+5.353455E+00,+4.095608E+00
-2.403500E+00,+5.353455E+00,+4.366965E+00
-2.401000E+00,+5.378580E+00,+4.065457E+00
-2.398500E+00,+5.378580E+00,+3.954905E+00
-2.396000E+00,+5.353455E+00,+2.919729E+00
-2.393500E+00,+5.353455E+00,+3.552895E+00
-2.391000E+00,+5.363505E+00,+4.075508E+00
-2.388500E+00,+5.338379E+00,+3.623246E+00
-2.386000E+00,+5.353455E+00,+3.040332E+00
-2.383500E+00,+5.363505E+00,+4.105658E+00
-2.381000E+00,+5.378580E+00,+3.894603E+00
-2.378500E+00,+5.403706E+00,+4.537819E+00
-2.376000E+00,+5.378580E+00,+4.286563E+00
-2.373500E+00,+5.378580E+00,+3.844352E+00
-2.371000E+00,+5.378580E+00,+2.959930E+00
-2.368500E+00,+5.363505E+00,+3.794101E+00
-2.366000E+00,+5.353455E+00,+2.829277E+00
-2.363500E+00,+5.378580E+00,+4.055407E+00
-2.361000E+00,+5.353455E+00,+3.824251E+00
-2.358500E+00,+5.353455E+00,+3.572995E+00
-2.356000E+00,+5.328329E+00,+3.653397E+00
-2.353500E+00,+5.338379E+00,+3.733799E+00
-2.351000E+00,+5.323304E+00,+4.266462E+00
-2.348500E+00,+5.378580E+00,+3.653397E+00
-2.346000E+00,+5.338379E+00,+3.120734E+00
-2.343500E+00,+5.353455E+00,+4.246362E+00
-2.341000E+00,+5.378580E+00,+4.125759E+00
-2.338500E+00,+5.338379E+00,+4.035307E+00
-2.336000E+00,+5.363505E+00,+3.964955E+00
-2.333500E+00,+5.378580E+00,+3.643347E+00
-2.331000E+00,+5.378580E+00,+4.387066E+00
-2.328500E+00,+5.328329E+00,+3.160935E+00
-2.326000E+00,+5.298178E+00,+3.683548E+00
-2.323500E+00,+5.353455E+00,+4.286563E+00
-2.321000E+00,+5.378580E+00,+3.572995E+00
-2.318500E+00,+5.378580E+00,+4.296613E+00
-2.316000E+00,+5.353455E+00,+3.231287E+00
-2.313500E+00,+5.378580E+00,+3.874503E+00
-2.311000E+00,+5.378580E+00,+2.859427E+00
-2.308500E+00,+5.363505E+00,+4.387066E+00
-2.306000E+00,+5.323304E+00,+3.703648E+00
-2.303500E+00,+5.338379E+00,+3.331789E+00
-2.301000E+00,+5.363505E+00,+3.301638E+00
-2.298500E+00,+5.353455E+00,+3.864452E+00
-2.296000E+00,+5.338379E+00,+4.477518E+00
-2.293500E+00,+5.353455E+00,+2.889578E+00
-2.291000E+00,+5.338379E+00,+3.884553E+00
-2.288500E+00,+5.378580E+00,+2.678523E+00
-2.286000E+00,+5.338379E+00,+3.934804E+00
-2.283500E+00,+5.328329E+00,+3.774000E+00
-2.281000E+00,+5.378580E+00,+3.874503E+00
-2.278500E+00,+5.363505E+00,+3.924754E+00
-2.276000E+00,+5.353455E+00,+3.763950E+00
-2.273500E+00,+5.363505E+00,+3.673498E+00
-2.271000E+00,+5.378580E+00,+4.417216E+00
-2.268500E+00,+5.428832E+00,+4.025256E+00
-2.266000E+00,+5.338379E+00,+4.547870E+00
-2.263500E+00,+5.338379E+00,+3.703648E+00
-2.261000E+00,+5.378580E+00,+3.382040E+00
-2.258500E+00,+5.353455E+00,+3.864452E+00
-2.256000E+00,+5.363505E+00,+4.397116E+00
-2.253500E+00,+5.338379E+00,+2.919729E+00
-2.251000E+00,+5.313254E+00,+3.944854E+00
-2.248500E+00,+5.378580E+00,+2.949880E+00
-2.246000E+00,+5.353455E+00,+2.738824E+00
-2.243500E+00,+5.388631E+00,+4.075508E+00
-2.241000E+00,+5.338379E+00,+3.673498E+00
-2.238500E+00,+5.353455E+00,+2.176010E+00
-2.236000E+00,+5.378580E+00,+3.010181E+00
-2.233500E+00,+5.378580E+00,+2.969980E+00
-2.231000E+00,+5.338379E+00,+3.774000E+00
-2.228500E+00,+5.378580E+00,+3.231287E+00
-2.226000E+00,+5.363505E+00,+4.206161E+00
-2.223500E+00,+5.363505E+00,+3.733799E+00
-2.221000E+00,+5.388631E+00,+3.593096E+00
-2.218500E+00,+5.353455E+00,+3.774000E+00
-2.216000E+00,+5.338379E+00,+3.894603E+00
-2.213500E+00,+5.313254E+00,+4.015206E+00
-2.211000E+00,+5.368530E+00,+4.065457E+00
-2.208500E+00,+5.353455E+00,+3.804151E+00
-2.206000E+00,+5.388631E+00,+3.814201E+00
-2.203500E+00,+5.338379E+00,+2.628272E+00
-2.201000E+00,+5.363505E+00,+3.944854E+00
-2.198500E+00,+5.353455E+00,+4.407166E+00
-2.196000E+00,+5.363505E+00,+3.120734E+00
-2.193500E+00,+5.363505E+00,+3.784050E+00
-2.191000E+00,+5.353455E+00,+2.196111E+00
-2.188500E+00,+5.363505E+00,+3.884553E+00
-2.186000E+00,+5.363505E+00,+3.291588E+00
-2.183500E+00,+5.323304E+00,+3.864452E+00
-2.181000E+00,+5.378580E+00,+4.035307E+00
-2.178500E+00,+5.363505E+00,+3.874503E+00
-2.176000E+00,+5.368530E+00,+2.819226E+00
-2.173500E+00,+5.403706E+00,+4.567970E+00
-2.171000E+00,+5.353455E+00,+3.774000E+00
-2.168500E+00,+5.393656E+00,+3.090583E+00
-2.166000E+00,+5.338379E+00,+4.829277E+00
-2.163500E+00,+5.363505E+00,+4.055407E+00
-2.161000E+00,+5.338379E+00,+3.000131E+00
-2.158500E+00,+5.378580E+00,+2.326764E+00
-2.156000E+00,+5.353455E+00,+3.542844E+00
-2.153500E+00,+5.353455E+00,+2.779025E+00
-2.151000E+00,+5.353455E+00,+3.834302E+00
-2.148500E+00,+5.348430E+00,+3.643347E+00
-2.146000E+00,+5.378580E+00,+3.311689E+00
-2.143500E+00,+5.378580E+00,+3.784050E+00
-2.141000E+00,+5.328329E+00,+3.975005E+00
-2.138500E+00,+5.378580E+00,+3.683548E+00
-2.136000E+00,+5.363505E+00,+3.894603E+00
-2.133500E+00,+5.363505E+00,+3.904653E+00
-2.131000E+00,+5.363505E+00,+3.191086E+00
-2.128500E+00,+5.363505E+00,+2.728774E+00
-2.126000E+00,+5.353455E+00,+3.442342E+00
-2.123500E+00,+5.378580E+00,+4.035307E+00
-2.121000E+00,+5.393656E+00,+4.206161E+00
-2.118500E+00,+5.343404E+00,+3.562945E+00
-2.116000E+00,+5.353455E+00,+3.492593E+00
-2.113500E+00,+5.363505E+00,+3.944854E+00
-2.111000E+00,+5.363505E+00,+4.326764E+00
-2.108500E+00,+5.338379E+00,+2.547870E+00
-2.106000E+00,+5.363505E+00,+3.964955E+00
-2.103500E+00,+5.368530E+00,+4.015206E+00
-2.101000E+00,+5.403706E+00,+4.115709E+00
-2.098500E+00,+5.353455E+00,+3.814201E+00
-2.096000E+00,+5.378580E+00,+3.080533E+00
-2.093500E+00,+5.388631E+00,+3.954905E+00
-2.091000E+00,+5.368530E+00,+4.015206E+00
-2.088500E+00,+5.378580E+00,+4.125759E+00
-2.086000E+00,+5.363505E+00,+3.472493E+00
-2.083500E+00,+5.338379E+00,+3.924754E+00
-2.081000E+00,+5.338379E+00,+3.814201E+00
-2.078500E+00,+5.363505E+00,+4.115709E+00
-2.076000E+00,+5.338379E+00,+3.020231E+00
-2.073500E+00,+5.353455E+00,+4.437317E+00
-2.071000E+00,+5.353455E+00,+4.025256E+00
-2.068500E+00,+5.338379E+00,+3.884553E+00
-2.066000E+00,+5.368530E+00,+4.537819E+00
-2.063500E+00,+5.388631E+00,+3.934804E+00
-2.061000E+00,+5.403706E+00,+4.266462E+00
-2.058500E+00,+5.363505E+00,+4.105658E+00
-2.056000E+00,+5.353455E+00,+4.216211E+00
-2.053500E+00,+5.388631E+00,+3.502643E+00
-2.051000E+00,+5.353455E+00,+2.447367E+00
-2.048500E+00,+5.353455E+00,+3.824251E+00
-2.046000E+00,+5.378580E+00,+2.176010E+00
-2.043500E+00,+5.328329E+00,+3.904653E+00
-2.041000E+00,+5.353455E+00,+2.949880E+00
-2.038500E+00,+5.353455E+00,+3.181035E+00
-2.036000E+00,+5.363505E+00,+3.774000E+00
-2.033500E+00,+5.363505E+00,+4.025256E+00
-2.031000E+00,+5.338379E+00,+3.181035E+00
-2.028500E+00,+5.338379E+00,+2.377015E+00
-2.026000E+00,+5.363505E+00,+4.025256E+00
-2.023500E+00,+5.338379E+00,+4.216211E+00
-2.021000E+00,+5.393656E+00,+4.176010E+00
-2.018500E+00,+5.378580E+00,+2.648372E+00
-2.016000E+00,+5.338379E+00,+3.894603E+00
-2.013500E+00,+5.368530E+00,+3.361940E+00
-2.011000E+00,+5.388631E+00,+4.206161E+00
-2.008500E+00,+5.378580E+00,+2.789076E+00
-2.006000E+00,+5.313254E+00,+3.673498E+00
-2.003500E+00,+5.353455E+00,+3.834302E+00
-2.001000E+00,+5.353455E+00,+3.924754E+00
-1.998500E+00,+5.353455E+00,+4.145859E+00
-1.996000E+00,+5.338379E+00,+2.980030E+00
-1.993500E+00,+5.368530E+00,+3.985055E+00
-1.991000E+00,+5.363505E+00,+4.206161E+00
-1.988500E+00,+5.378580E+00,+3.914704E+00
-1.986000E+00,+5.363505E+00,+4.366965E+00
-1.983500E+00,+5.363505E+00,+3.010181E+00
-1.981000E+00,+5.338379E+00,+4.417216E+00
-1.978500E+00,+5.328329E+00,+3.542844E+00
-1.976000E+00,+5.363505E+00,+4.055407E+00
-1.973500E+00,+5.363505E+00,+4.336814E+00
-1.971000E+00,+5.353455E+00,+3.181035E+00
-1.968500E+00,+5.338379E+00,+3.241337E+00
-1.966000E+00,+5.313254E+00,+4.628272E+00
-1.963500E+00,+5.363505E+00,+3.572995E+00
-1.961000E+00,+5.353455E+00,+3.794101E+00
-1.958500E+00,+5.353455E+00,+4.366965E+00
-1.956000E+00,+5.343404E+00,+3.864452E+00
-1.953500E+00,+5.363505E+00,+4.326764E+00
-1.951000E+00,+5.368530E+00,+2.678523E+00
-1.948500E+00,+5.348430E+00,+3.482543E+00
-1.946000E+00,+5.378580E+00,+3.733799E+00
-1.943500E+00,+5.338379E+00,+2.980030E+00
-1.941000E+00,+5.363505E+00,+3.100633E+00
-1.938500E+00,+5.353455E+00,+4.336814E+00
-1.936000E+00,+5.363505E+00,+3.221236E+00
-1.933500E+00,+5.363505E+00,+3.864452E+00
-1.931000E+00,+5.353455E+00,+2.758925E+00
-1.928500E+00,+5.353455E+00,+3.904653E+00
-1.926000E+00,+5.338379E+00,+4.196111E+00
-1.923500E+00,+5.378580E+00,+2.829277E+00
-1.921000E+00,+5.338379E+00,+3.924754E+00
-1.918500E+00,+5.353455E+00,+4.045357E+00
-1.916000E+00,+5.363505E+00,+3.191086E+00
-1.913500E+00,+5.338379E+00,+3.231287E+00
-1.911000E+00,+5.338379E+00,+3.975005E+00
-1.908500E+00,+5.353455E+00,+2.899628E+00
-1.906000E+00,+5.363505E+00,+3.824251E+00
-1.903500E+00,+5.348430E+00,+4.256412E+00
-1.901000E+00,+5.368530E+00,+4.949880E+00
-1.898500E+00,+5.353455E+00,+3.271488E+00
-1.896000E+00,+5.338379E+00,+3.914704E+00
-1.893500E+00,+5.338379E+00,+2.899628E+00
-1.891000E+00,+5.353455E+00,+4.155910E+00
-1.888500E+00,+5.378580E+00,+3.964955E+00
-1.886000E+00,+5.353455E+00,+2.819226E+00
-1.883500E+00,+5.313254E+00,+3.995106E+00
-1.881000E+00,+5.363505E+00,+4.869478E+00
-1.878500E+00,+5.378580E+00,+3.854402E+00
-1.876000E+00,+5.323304E+00,+3.291588E+00
-1.873500E+00,+5.353455E+00,+2.768975E+00
-1.871000E+00,+5.338379E+00,+4.055407E+00
-1.868500E+00,+5.368530E+00,+2.819226E+00
-1.866000E+00,+5.378580E+00,+4.206161E+00
-1.863500E+00,+5.403706E+00,+3.995106E+00
-1.861000E+00,+5.378580E+00,+3.392091E+00
-1.858500E+00,+5.378580E+00,+3.241337E+00
-1.856000E+00,+5.388631E+00,+3.231287E+00
-1.853500E+00,+5.378580E+00,+3.784050E+00
-1.851000E+00,+5.353455E+00,+4.115709E+00
-1.848500E+00,+5.378580E+00,+4.045357E+00
-1.846000E+00,+5.378580E+00,+3.201136E+00
-1.843500E+00,+5.378580E+00,+4.296613E+00
-1.841000E+00,+5.353455E+00,+3.603146E+00
-1.838500E+00,+5.378580E+00,+3.864452E+00
-1.836000E+00,+5.328329E+00,+3.834302E+00
-1.833500E+00,+5.338379E+00,+3.944854E+00
-1.831000E+00,+5.353455E+00,+3.995106E+00
-1.828500E+00,+5.378580E+00,+3.763950E+00
-1.826000E+00,+5.363505E+00,+3.914704E+00
-1.823500E+00,+5.363505E+00,+4.015206E+00
-1.821000E+00,+5.363505E+00,+3.452392E+00
-1.818500E+00,+5.388631E+00,+4.296613E+00
-1.816000E+00,+5.368530E+00,+4.829277E+00
-1.813500E+00,+5.338379E+00,+3.894603E+00
-1.811000E+00,+5.363505E+00,+4.035307E+00
-1.808500E+00,+5.363505E+00,+3.281538E+00
-1.806000E+00,+5.313254E+00,+3.522744E+00
-1.803500E+00,+5.313254E+00,+4.266462E+00
-1.801000E+00,+5.363505E+00,+3.924754E+00
-1.798500E+00,+5.353455E+00,+3.130784E+00
-1.796000E+00,+5.338379E+00,+4.306664E+00
-1.793500E+00,+5.353455E+00,+3.794101E+00
-1.791000E+00,+5.338379E+00,+3.934804E+00
-1.788500E+00,+5.378580E+00,+3.221236E+00
-1.786000E+00,+5.323304E+00,+3.995106E+00
-1.783500E+00,+5.353455E+00,+2.748875E+00
-1.781000E+00,+5.363505E+00,+2.919729E+00
-1.778500E+00,+5.353455E+00,+4.547870E+00
-1.776000E+00,+5.353455E+00,+3.864452E+00
-1.773500E+00,+5.378580E+00,+3.814201E+00
-1.771000E+00,+5.393656E+00,+3.904653E+00
-1.768500E+00,+5.338379E+00,+2.718724E+00
-1.766000E+00,+5.388631E+00,+4.598121E+00
-1.763500E+00,+5.348430E+00,+4.356915E+00
-1.761000E+00,+5.378580E+00,+4.316714E+00
-1.758500E+00,+5.338379E+00,+4.296613E+00
-1.756000E+00,+5.378580E+00,+3.924754E+00
-1.753500E+00,+5.338379E+00,+3.120734E+00
-1.751000E+00,+5.353455E+00,+3.894603E+00
-1.748500E+00,+5.378580E+00,+3.975005E+00
-1.746000E+00,+5.378580E+00,+4.025256E+00
-1.743500E+00,+5.363505E+00,+3.804151E+00
-1.741000E+00,+5.363505E+00,+4.186060E+00
-1.738500E+00,+5.378580E+00,+4.045357E+00
-1.736000E+00,+5.338379E+00,+3.854402E+00
-1.733500E+00,+5.363505E+00,+3.854402E+00
-1.731000E+00,+5.368530E+00,+2.075508E+00
-1.728500E+00,+5.313254E+00,+4.497618E+00
-1.726000E+00,+5.363505E+00,+4.125759E+00
-1.723500E+00,+5.338379E+00,+2.768975E+00
-1.721000E+00,+5.328329E+00,+4.226261E+00
-1.718500E+00,+5.353455E+00,+2.708674E+00
-1.716000E+00,+5.338379E+00,+3.894603E+00
-1.713500E+00,+5.363505E+00,+3.854402E+00
-1.711000E+00,+5.353455E+00,+4.186060E+00
-1.708500E+00,+5.363505E+00,+4.427267E+00
-1.706000E+00,+5.353455E+00,+3.924754E+00
-1.703500E+00,+5.323304E+00,+3.814201E+00
-1.701000E+00,+5.353455E+00,+4.417216E+00
-1.698500E+00,+5.363505E+00,+3.824251E+00
-1.696000E+00,+5.378580E+00,+4.065457E+00
-1.693500E+00,+5.378580E+00,+4.266462E+00
-1.691000E+00,+5.338379E+00,+3.512694E+00
-1.688500E+00,+5.338379E+00,+4.176010E+00
-1.686000E+00,+5.363505E+00,+2.899628E+00
-1.683500E+00,+5.338379E+00,+3.944854E+00
-1.681000E+00,+5.353455E+00,+4.346865E+00
-1.678500E+00,+5.378580E+00,+3.231287E+00
-1.676000E+00,+5.378580E+00,+3.392091E+00
-1.673500E+00,+5.353455E+00,+3.251387E+00
-1.671000E+00,+5.353455E+00,+3.673498E+00
-1.668500E+00,+5.363505E+00,+3.542844E+00
-1.666000E+00,+5.378580E+00,+3.522744E+00
-1.663500E+00,+5.378580E+00,+3.975005E+00
-1.661000E+00,+5.353455E+00,+3.944854E+00
-1.658500E+00,+5.378580E+00,+4.005156E+00
-1.656000E+00,+5.353455E+00,+3.975005E+00
-1.653500E+00,+5.378580E+00,+3.331789E+00
-1.651000E+00,+5.403706E+00,+3.472493E+00
-1.648500E+00,+5.338379E+00,+4.397116E+00
-1.646000E+00,+5.403706E+00,+4.517719E+00
-1.643500E+00,+5.338379E+00,+4.236312E+00
-1.641000E+00,+5.353455E+00,+3.603146E+00
-1.638500E+00,+5.338379E+00,+3.713699E+00
-1.636000E+00,+5.378580E+00,+4.176010E+00
-1.633500E+00,+5.378580E+00,+4.115709E+00
-1.631000E+00,+5.363505E+00,+3.321739E+00
-1.628500E+00,+5.338379E+00,+4.316714E+00
-1.626000E+00,+5.353455E+00,+4.457417E+00
-1.623500E+00,+5.378580E+00,+4.246362E+00
-1.621000E+00,+5.338379E+00,+4.055407E+00
-1.618500E+00,+5.363505E+00,+3.814201E+00
-1.616000E+00,+5.338379E+00,+3.743849E+00
-1.613500E+00,+5.353455E+00,+4.618221E+00
-1.611000E+00,+5.363505E+00,+4.316714E+00
-1.608500E+00,+5.363505E+00,+4.085558E+00
-1.606000E+00,+5.378580E+00,+3.522744E+00
-1.603500E+00,+5.363505E+00,+3.995106E+00
-1.601000E+00,+5.353455E+00,+4.035307E+00
-1.598500E+00,+5.313254E+00,+3.331789E+00
-1.596000E+00,+5.363505E+00,+3.673498E+00
-1.593500E+00,+5.363505E+00,+4.085558E+00
-1.591000E+00,+5.363505E+00,+3.472493E+00
-1.588500E+00,+5.368530E+00,+4.095608E+00
-1.586000E+00,+5.363505E+00,+3.864452E+00
-1.583500E+00,+5.338379E+00,+4.467468E+00
-1.581000E+00,+5.363505E+00,+4.125759E+00
-1.578500E+00,+5.363505E+00,+4.517719E+00
-1.576000E+00,+5.378580E+00,+4.085558E+00
-1.573500E+00,+5.363505E+00,+2.135809E+00
-1.571000E+00,+5.363505E+00,+4.437317E+00
-1.568500E+00,+5.363505E+00,+4.326764E+00
-1.566000E+00,+5.338379E+00,+2.889578E+00
-1.563500E+00,+5.363505E+00,+3.794101E+00
-1.561000E+00,+5.338379E+00,+4.105658E+00
-1.558500E+00,+5.338379E+00,+2.547870E+00
-1.556000E+00,+5.353455E+00,+4.377015E+00
-1.553500E+00,+5.328329E+00,+2.758925E+00
-1.551000E+00,+5.363505E+00,+3.130784E+00
-1.548500E+00,+5.363505E+00,+4.678523E+00
-1.546000E+00,+5.353455E+00,+4.075508E+00
-1.543500E+00,+5.378580E+00,+3.995106E+00
-1.541000E+00,+5.348430E+00,+4.085558E+00
-1.538500E+00,+5.363505E+00,+4.055407E+00
-1.536000E+00,+5.348430E+00,+3.985055E+00
-1.533500E+00,+5.328329E+00,+4.115709E+00
-1.531000E+00,+5.363505E+00,+3.774000E+00
-1.528500E+00,+5.353455E+00,+3.894603E+00
-1.526000E+00,+5.353455E+00,+4.145859E+00
-1.523500E+00,+5.338379E+00,+3.964955E+00
-1.521000E+00,+5.363505E+00,+3.361940E+00
-1.518500E+00,+5.338379E+00,+3.924754E+00
-1.516000E+00,+5.393656E+00,+4.095608E+00
-1.513500E+00,+5.363505E+00,+4.145859E+00
-1.511000E+00,+5.353455E+00,+2.929779E+00
-1.508500E+00,+5.338379E+00,+3.864452E+00
-1.506000E+00,+5.323304E+00,+4.738824E+00
-1.503500E+00,+5.353455E+00,+3.482543E+00
-1.501000E+00,+5.298178E+00,+2.919729E+00
-1.498500E+00,+5.363505E+00,+3.593096E+00
-1.496000E+00,+5.363505E+00,+4.718724E+00
-1.493500E+00,+5.368530E+00,+3.914704E+00
-1.491000E+00,+5.338379E+00,+4.346865E+00
-1.488500E+00,+5.363505E+00,+3.251387E+00
-1.486000E+00,+5.363505E+00,+4.296613E+00
-1.483500E+00,+5.353455E+00,+3.130784E+00
-1.481000E+00,+5.363505E+00,+3.784050E+00
-1.478500E+00,+5.378580E+00,+3.763950E+00
-1.476000E+00,+5.363505E+00,+3.693598E+00
-1.473500E+00,+5.353455E+00,+3.894603E+00
-1.471000E+00,+5.378580E+00,+3.583045E+00
-1.468500E+00,+5.378580E+00,+4.025256E+00
-1.466000E+00,+5.378580E+00,+4.055407E+00
-1.463500E+00,+5.353455E+00,+4.065457E+00
-1.461000E+00,+5.363505E+00,+4.055407E+00
-1.458500E+00,+5.353455E+00,+3.784050E+00
-1.456000E+00,+5.353455E+00,+4.286563E+00
-1.453500E+00,+5.378580E+00,+3.894603E+00
-1.451000E+00,+5.348430E+00,+4.648372E+00
-1.448500E+00,+5.353455E+00,+2.799126E+00
-1.446000E+00,+5.388631E+00,+3.301638E+00
-1.443500E+00,+5.338379E+00,+3.090583E+00
-1.441000E+00,+5.363505E+00,+4.326764E+00
-1.438500E+00,+5.378580E+00,+3.542844E+00
-1.436000E+00,+5.338379E+00,+3.934804E+00
-1.433500E+00,+5.338379E+00,+4.387066E+00
-1.431000E+00,+5.368530E+00,+3.743849E+00
-1.428500E+00,+5.353455E+00,+3.763950E+00
-1.426000E+00,+5.363505E+00,+4.045357E+00
-1.423500E+00,+5.348430E+00,+3.844352E+00
-1.421000E+00,+5.363505E+00,+3.874503E+00
-1.418500E+00,+5.338379E+00,+3.562945E+00
-1.416000E+00,+5.363505E+00,+4.296613E+00
-1.413500E+00,+5.388631E+00,+3.492593E+00
-1.411000E+00,+5.363505E+00,+3.522744E+00
-1.408500E+00,+5.378580E+00,+2.658422E+00
-1.406000E+00,+5.363505E+00,+2.768975E+00
-1.403500E+00,+5.353455E+00,+4.447367E+00
-1.401000E+00,+5.338379E+00,+3.874503E+00
-1.398500E+00,+5.388631E+00,+4.145859E+00
-1.396000E+00,+5.368530E+00,+3.894603E+00
-1.393500E+00,+5.313254E+00,+2.748875E+00
-1.391000E+00,+5.353455E+00,+3.050382E+00
-1.388500E+00,+5.353455E+00,+3.251387E+00
-1.386000E+00,+5.378580E+00,+2.990081E+00
-1.383500E+00,+5.323304E+00,+4.085558E+00
-1.381000E+00,+5.353455E+00,+4.497618E+00
-1.378500E+00,+5.378580E+00,+4.196111E+00
-1.376000E+00,+5.378580E+00,+3.321739E+00
-1.373500E+00,+5.363505E+00,+3.995106E+00
-1.371000E+00,+5.338379E+00,+3.995106E+00
-1.368500E+00,+5.353455E+00,+3.713699E+00
-1.366000E+00,+5.338379E+00,+3.603146E+00
-1.363500E+00,+5.353455E+00,+3.743849E+00
-1.361000E+00,+5.353455E+00,+4.346865E+00
-1.358500E+00,+5.348430E+00,+4.356915E+00
-1.356000E+00,+5.328329E+00,+3.934804E+00
-1.353500E+00,+5.338379E+00,+4.266462E+00
-1.351000E+00,+5.353455E+00,+3.884553E+00
-1.348500E+00,+5.378580E+00,+3.231287E+00
-1.346000E+00,+5.348430E+00,+4.115709E+00
-1.343500E+00,+5.353455E+00,+3.472493E+00
-1.341000E+00,+5.338379E+00,+4.326764E+00
-1.338500E+00,+5.338379E+00,+3.844352E+00
-1.336000E+00,+5.348430E+00,+3.442342E+00
-1.333500E+00,+5.338379E+00,+4.015206E+00
-1.331000E+00,+5.338379E+00,+3.995106E+00
-1.328500E+00,+5.378580E+00,+4.326764E+00
-1.326000E+00,+5.378580E+00,+3.924754E+00
-1.323500E+00,+5.338379E+00,+4.447367E+00
-1.321000E+00,+5.363505E+00,+4.135809E+00
-1.318500E+00,+5.338379E+00,+3.030282E+00
-1.316000E+00,+5.353455E+00,+4.417216E+00
-1.313500E+00,+5.348430E+00,+3.653397E+00
-1.311000E+00,+5.323304E+00,+3.824251E+00
-1.308500E+00,+5.338379E+00,+4.075508E+00
-1.306000E+00,+5.313254E+00,+3.251387E+00
-1.303500E+00,+5.323304E+00,+4.045357E+00
-1.301000E+00,+5.338379E+00,+3.733799E+00
-1.298500E+00,+5.298178E+00,+3.804151E+00
-1.296000E+00,+5.338379E+00,+3.864452E+00
-1.293500E+00,+5.378580E+00,+4.497618E+00
-1.291000E+00,+5.328329E+00,+4.176010E+00
-1.288500E+00,+5.298178E+00,+2.990081E+00
-1.286000E+00,+5.323304E+00,+3.482543E+00
-1.283500E+00,+5.348430E+00,+3.753900E+00
-1.281000E+00,+5.353455E+00,+3.834302E+00
-1.278500E+00,+5.323304E+00,+3.874503E+00
-1.276000E+00,+5.348430E+00,+3.814201E+00
-1.273500E+00,+5.313254E+00,+3.633297E+00
-1.271000E+00,+5.323304E+00,+2.075508E+00
-1.268500E+00,+5.368530E+00,+4.015206E+00
-1.266000E+00,+5.353455E+00,+4.216211E+00
-1.263500E+00,+5.338379E+00,+4.165960E+00
-1.261000E+00,+5.313254E+00,+4.226261E+00
-1.258500E+00,+5.363505E+00,+3.814201E+00
-1.256000E+00,+5.298178E+00,+4.356915E+00
-1.253500E+00,+5.313254E+00,+3.774000E+00
-1.251000E+00,+5.363505E+00,+3.814201E+00
-1.248500E+00,+5.378580E+00,+3.874503E+00
-1.246000E+00,+5.338379E+00,+3.522744E+00
-1.243500E+00,+5.338379E+00,+3.854402E+00
-1.241000E+00,+5.353455E+00,+2.859427E+00
-1.238500E+00,+5.313254E+00,+3.181035E+00
-1.236000E+00,+5.363505E+00,+4.095608E+00
-1.233500E+00,+5.328329E+00,+3.934804E+00
-1.231000E+00,+5.328329E+00,+3.663447E+00
-1.228500E+00,+5.338379E+00,+3.924754E+00
-1.226000E+00,+5.338379E+00,+3.763950E+00
-1.223500E+00,+5.313254E+00,+3.412191E+00
-1.221000E+00,+5.323304E+00,+4.859427E+00
-1.218500E+00,+5.353455E+00,+3.070483E+00
-1.216000E+00,+5.298178E+00,+3.814201E+00
-1.213500E+00,+5.338379E+00,+2.477518E+00
-1.211000E+00,+5.328329E+00,+3.593096E+00
-1.208500E+00,+5.328329E+00,+2.869478E+00
-1.206000E+00,+5.348430E+00,+4.145859E+00
-1.203500E+00,+5.378580E+00,+3.753900E+00
-1.201000E+00,+5.353455E+00,+4.246362E+00
-1.198500E+00,+5.338379E+00,+3.693598E+00
-1.196000E+00,+5.353455E+00,+2.959930E+00
-1.193500E+00,+5.353455E+00,+3.241337E+00
-1.191000E+00,+5.378580E+00,+4.819226E+00
-1.188500E+00,+5.323304E+00,+3.894603E+00
-1.186000E+00,+5.338379E+00,+3.603146E+00
-1.183500E+00,+5.378580E+00,+3.100633E+00
-1.181000E+00,+5.328329E+00,+2.969980E+00
-1.178500E+00,+5.338379E+00,+4.236312E+00
-1.176000E+00,+5.363505E+00,+4.256412E+00
-1.173500E+00,+5.298178E+00,+3.794101E+00
-1.171000E+00,+5.313254E+00,+3.944854E+00
-1.168500E+00,+5.338379E+00,+3.522744E+00
-1.166000E+00,+5.338379E+00,+3.763950E+00
-1.163500E+00,+5.348430E+00,+2.748875E+00
-1.161000E+00,+5.338379E+00,+2.718724E+00
-1.158500E+00,+5.338379E+00,+3.864452E+00
-1.156000E+00,+5.338379E+00,+4.025256E+00
-1.153500E+00,+5.313254E+00,+4.487568E+00
-1.151000E+00,+5.298178E+00,+3.774000E+00
-1.148500E+00,+5.338379E+00,+2.688573E+00
-1.146000E+00,+5.328329E+00,+4.085558E+00
-1.143500E+00,+5.308229E+00,+3.964955E+00
-1.141000E+00,+5.313254E+00,+4.115709E+00
-1.138500E+00,+5.323304E+00,+3.834302E+00
-1.136000E+00,+5.298178E+00,+4.799126E+00
-1.133500E+00,+5.298178E+00,+3.040332E+00
-1.131000E+00,+5.308229E+00,+3.231287E+00
-1.128500E+00,+5.338379E+00,+3.683548E+00
-1.126000E+00,+5.298178E+00,+3.874503E+00
-1.123500E+00,+5.283103E+00,+3.241337E+00
-1.121000E+00,+5.298178E+00,+3.713699E+00
-1.118500E+00,+5.323304E+00,+4.256412E+00
-1.116000E+00,+5.273053E+00,+3.361940E+00
-1.113500E+00,+5.323304E+00,+4.216211E+00
-1.111000E+00,+5.257977E+00,+3.934804E+00
-1.108500E+00,+5.323304E+00,+4.407166E+00
-1.106000E+00,+5.283103E+00,+3.713699E+00
-1.103500E+00,+5.298178E+00,+3.090583E+00
-1.101000E+00,+5.257977E+00,+3.683548E+00
-1.098500E+00,+5.273053E+00,+3.954905E+00
-1.096000E+00,+5.247927E+00,+4.025256E+00
-1.093500E+00,+5.283103E+00,+4.145859E+00
-1.091000E+00,+5.283103E+00,+3.824251E+00
-1.088500E+00,+5.242902E+00,+3.502643E+00
-1.086000E+00,+5.273053E+00,+3.874503E+00
-1.083500E+00,+5.242902E+00,+3.713699E+00
-1.081000E+00,+5.242902E+00,+4.035307E+00
-1.078500E+00,+5.242902E+00,+4.005156E+00
-1.076000E+00,+5.217776E+00,+3.412191E+00
-1.073500E+00,+5.232852E+00,+3.834302E+00
-1.071000E+00,+5.232852E+00,+3.824251E+00
-1.068500E+00,+5.232852E+00,+4.306664E+00
-1.066000E+00,+5.232852E+00,+3.251387E+00
-1.063500E+00,+5.232852E+00,+2.758925E+00
-1.061000E+00,+5.202701E+00,+4.206161E+00
-1.058500E+00,+5.192651E+00,+3.361940E+00
-1.056000E+00,+5.232852E+00,+3.251387E+00
-1.053500E+00,+5.192651E+00,+4.467468E+00
-1.051000E+00,+5.242902E+00,+3.985055E+00
-1.048500E+00,+5.217776E+00,+2.819226E+00
-1.046000E+00,+5.207726E+00,+3.834302E+00
-1.043500E+00,+5.192651E+00,+3.693598E+00
-1.041000E+00,+5.192651E+00,+3.382040E+00
-1.038500E+00,+5.162500E+00,+306.664E-03
-1.036000E+00,+5.112249E+00,+276.513E-03
-1.033500E+00,+5.082098E+00,+296.613E-03
-1.031000E+00,+5.056972E+00,+356.915E-03
-1.028500E+00,+5.031847E+00,+256.412E-03
-1.026000E+00,+5.016771E+00,+256.412E-03
-1.023500E+00,+4.976570E+00,+276.513E-03
-1.021000E+00,+4.936369E+00,+306.664E-03
-1.018500E+00,+4.991646E+00,+4.186060E+00
-1.016000E+00,+5.082098E+00,+4.356915E+00
-1.013500E+00,+5.056972E+00,+4.306664E+00
-1.011000E+00,+5.056972E+00,+3.975005E+00
-1.008500E+00,+5.072048E+00,+4.186060E+00
-1.006000E+00,+5.097173E+00,+4.748875E+00
-1.003500E+00,+5.122299E+00,+3.934804E+00
-1.001000E+00,+5.107223E+00,+4.115709E+00
-998.500E-03,+5.112249E+00,+4.397116E+00
-996.000E-03,+5.112249E+00,+4.578020E+00
-993.500E-03,+5.137374E+00,+3.050382E+00
-991.000E-03,+5.152450E+00,+3.713699E+00
-988.500E-03,+5.162500E+00,+4.165960E+00
-986.000E-03,+5.202701E+00,+3.894603E+00
-983.500E-03,+5.152450E+00,+4.437317E+00
-981.000E-03,+5.152450E+00,+3.271488E+00
-978.500E-03,+5.162500E+00,+3.784050E+00
-976.000E-03,+5.202701E+00,+2.578020E+00
-973.500E-03,+5.202701E+00,+3.804151E+00
-971.000E-03,+5.202701E+00,+4.407166E+00
-968.500E-03,+5.167525E+00,+4.075508E+00
-966.000E-03,+5.202701E+00,+4.115709E+00
-963.500E-03,+5.217776E+00,+4.789076E+00
-961.000E-03,+5.177575E+00,+4.135809E+00
-958.500E-03,+5.202701E+00,+3.864452E+00
-956.000E-03,+5.202701E+00,+4.055407E+00
-953.500E-03,+5.217776E+00,+4.286563E+00
-951.000E-03,+5.192651E+00,+2.537819E+00
-948.500E-03,+5.257977E+00,+4.256412E+00
-946.000E-03,+5.187626E+00,+3.904653E+00
-943.500E-03,+5.192651E+00,+4.145859E+00
-941.000E-03,+5.232852E+00,+2.758925E+00
-938.500E-03,+5.242902E+00,+3.261437E+00
-936.000E-03,+5.177575E+00,+3.311689E+00
-933.500E-03,+5.162500E+00,+3.784050E+00
-931.000E-03,+5.202701E+00,+2.447367E+00
-928.500E-03,+5.242902E+00,+3.100633E+00
-926.000E-03,+5.177575E+00,+3.532794E+00
-923.500E-03,+5.217776E+00,+4.246362E+00
-921.000E-03,+5.192651E+00,+4.216211E+00
-918.500E-03,+5.202701E+00,+4.035307E+00
-916.000E-03,+5.177575E+00,+3.774000E+00
-913.500E-03,+5.192651E+00,+4.326764E+00
-911.000E-03,+5.192651E+00,+2.256412E+00
-908.500E-03,+5.202701E+00,+3.623246E+00
-906.000E-03,+5.162500E+00,+226.262E-03
-903.500E-03,+5.122299E+00,+246.362E-03
-901.000E-03,+5.097173E+00,+276.513E-03
-898.500E-03,+5.031847E+00,+306.664E-03
-896.000E-03,+5.031847E+00,+397.116E-03
-893.500E-03,+4.991646E+00,+226.262E-03
-891.000E-03,+4.961495E+00,+306.664E-03
-888.500E-03,+4.951445E+00,+276.513E-03
-886.000E-03,+4.921294E+00,+306.664E-03
-883.500E-03,+4.881093E+00,+366.965E-03
-881.000E-03,+4.830842E+00,+226.262E-03
-878.500E-03,+4.800691E+00,+176.010E-03
-876.000E-03,+4.775565E+00,+256.412E-03
-873.500E-03,+4.750440E+00,+306.664E-03
-871.000E-03,+4.735364E+00,+256.412E-03
-868.500E-03,+4.720289E+00,+256.412E-03
-866.000E-03,+4.654962E+00,+306.664E-03
-863.500E-03,+4.639887E+00,+256.412E-03
-861.000E-03,+4.614761E+00,+356.915E-03
-858.500E-03,+4.599686E+00,+276.513E-03
-856.000E-03,+4.559485E+00,+226.262E-03
-853.500E-03,+4.534359E+00,+256.412E-03
-851.000E-03,+4.494158E+00,+306.664E-03
-848.500E-03,+4.494158E+00,+256.412E-03
-846.000E-03,+4.453957E+00,+276.513E-03
-843.500E-03,+4.453957E+00,+226.262E-03
-841.000E-03,+4.388631E+00,+306.664E-03
-838.500E-03,+4.388631E+00,+165.960E-03
-836.000E-03,+4.333354E+00,+286.563E-03
-833.500E-03,+4.333354E+00,+286.563E-03
-831.000E-03,+4.278078E+00,+306.664E-03
-828.500E-03,+4.293153E+00,+226.262E-03
-826.000E-03,+4.252952E+00,+226.262E-03
-823.500E-03,+4.252952E+00,+276.513E-03
-821.000E-03,+4.252952E+00,+256.412E-03
-818.500E-03,+4.237877E+00,+256.412E-03
-816.000E-03,+4.237877E+00,+276.513E-03
-813.500E-03,+4.212751E+00,+206.161E-03
-811.000E-03,+4.197676E+00,+276.513E-03
-808.500E-03,+4.197676E+00,+165.960E-03
-806.000E-03,+4.172550E+00,+306.664E-03
-803.500E-03,+4.147425E+00,+226.262E-03
-801.000E-03,+4.172550E+00,+206.161E-03
-798.500E-03,+4.132349E+00,+276.513E-03
-796.000E-03,+4.132349E+00,+226.262E-03
-793.500E-03,+4.132349E+00,+306.664E-03
-791.000E-03,+4.092148E+00,+276.513E-03
-788.500E-03,+4.092148E+00,+226.262E-03
-786.000E-03,+4.077073E+00,+196.111E-03
-783.500E-03,+4.067022E+00,+276.513E-03
-781.000E-03,+4.067022E+00,+397.116E-03
-778.500E-03,+4.011746E+00,+306.664E-03
-776.000E-03,+4.051947E+00,+176.010E-03
-773.500E-03,+4.026821E+00,+256.412E-03
-771.000E-03,+4.021796E+00,+256.412E-03
-768.500E-03,+4.011746E+00,+226.262E-03
-766.000E-03,+4.011746E+00,+226.262E-03
-763.500E-03,+3.971545E+00,+226.262E-03
-761.000E-03,+3.971545E+00,+226.262E-03
-758.500E-03,+3.931344E+00,+226.262E-03
-756.000E-03,+3.946419E+00,+226.262E-03
-753.500E-03,+3.931344E+00,+196.111E-03
-751.000E-03,+3.906218E+00,+326.764E-03
-748.500E-03,+3.906218E+00,+226.262E-03
-746.000E-03,+3.866017E+00,+226.262E-03
-743.500E-03,+3.891143E+00,+286.563E-03
-741.000E-03,+3.850942E+00,+306.664E-03
-738.500E-03,+3.876068E+00,+226.262E-03
-736.000E-03,+3.850942E+00,+226.262E-03
-733.500E-03,+3.810741E+00,+226.262E-03
-731.000E-03,+3.810741E+00,+256.412E-03
-728.500E-03,+3.810741E+00,+176.010E-03
-726.000E-03,+3.770540E+00,+226.262E-03
-723.500E-03,+3.785615E+00,+226.262E-03
-721.000E-03,+3.770540E+00,+206.161E-03
-718.500E-03,+3.770540E+00,+226.262E-03
-716.000E-03,+3.770540E+00,+226.262E-03
-713.500E-03,+3.770540E+00,+196.111E-03
-711.000E-03,+3.755465E+00,+226.262E-03
-708.500E-03,+3.730339E+00,+427.267E-03
-706.000E-03,+3.715264E+00,+226.262E-03
-703.500E-03,+3.715264E+00,+226.262E-03
-701.000E-03,+3.690138E+00,+196.111E-03
-698.500E-03,+3.649937E+00,+326.764E-03
-696.000E-03,+3.675063E+00,+276.513E-03
-693.500E-03,+3.649937E+00,+276.513E-03
-691.000E-03,+3.634862E+00,+176.010E-03
-688.500E-03,+3.624811E+00,+246.362E-03
-686.000E-03,+3.609736E+00,+296.613E-03
-683.500E-03,+3.584610E+00,+226.262E-03
-681.000E-03,+3.584610E+00,+256.412E-03
-678.500E-03,+3.584610E+00,+226.262E-03
-676.000E-03,+3.594661E+00,+226.262E-03
-673.500E-03,+3.569535E+00,+176.010E-03
-671.000E-03,+3.569535E+00,+276.513E-03
-668.500E-03,+3.529334E+00,+145.860E-03
-666.000E-03,+3.529334E+00,+95.608E-03
-663.500E-03,+3.504208E+00,+196.111E-03
-661.000E-03,+3.514259E+00,+176.010E-03
-658.500E-03,+3.489133E+00,+226.262E-03
-656.000E-03,+3.489133E+00,+176.010E-03
-653.500E-03,+3.489133E+00,+176.010E-03
-651.000E-03,+3.464007E+00,+256.412E-03
-648.500E-03,+3.448932E+00,+226.262E-03
-646.000E-03,+3.448932E+00,+276.513E-03
-643.500E-03,+3.458982E+00,+346.865E-03
-641.000E-03,+3.423806E+00,+276.513E-03
-638.500E-03,+3.408731E+00,+226.262E-03
-636.000E-03,+3.433857E+00,+226.262E-03
-633.500E-03,+3.393656E+00,+226.262E-03
-631.000E-03,+3.368530E+00,+145.860E-03
-628.500E-03,+3.368530E+00,+226.262E-03
-626.000E-03,+3.368530E+00,+145.860E-03
-623.500E-03,+3.353455E+00,+145.860E-03
-621.000E-03,+3.328329E+00,+196.111E-03
-618.500E-03,+3.368530E+00,+176.010E-03
-616.000E-03,+3.328329E+00,+145.860E-03
-613.500E-03,+3.303203E+00,+176.010E-03
-611.000E-03,+3.303203E+00,+176.010E-03
-608.500E-03,+3.313254E+00,+176.010E-03
-606.000E-03,+3.288128E+00,+145.860E-03
-603.500E-03,+3.288128E+00,+196.111E-03
-601.000E-03,+3.273053E+00,+196.111E-03
-598.500E-03,+3.247927E+00,+196.111E-03
-596.000E-03,+3.247927E+00,+145.860E-03
-593.500E-03,+3.222801E+00,+226.262E-03
-591.000E-03,+3.217776E+00,+226.262E-03
-588.500E-03,+3.207726E+00,+226.262E-03
-586.000E-03,+3.207726E+00,+95.608E-03
-583.500E-03,+3.167525E+00,+226.262E-03
-581.000E-03,+3.182600E+00,+176.010E-03
-578.500E-03,+3.192651E+00,+145.860E-03
-576.000E-03,+3.167525E+00,+206.161E-03
-573.500E-03,+3.142399E+00,+196.111E-03
-571.000E-03,+3.127324E+00,+145.860E-03
-568.500E-03,+3.127324E+00,+125.759E-03
-566.000E-03,+3.127324E+00,+196.111E-03
-563.500E-03,+3.112249E+00,+145.860E-03
-561.000E-03,+3.127324E+00,+145.860E-03
-558.500E-03,+3.112249E+00,+135.809E-03
-556.000E-03,+3.087123E+00,+256.412E-03
-553.500E-03,+3.072048E+00,+176.010E-03
-551.000E-03,+3.072048E+00,+95.608E-03
-548.500E-03,+3.061997E+00,+196.111E-03
-546.000E-03,+3.061997E+00,+165.960E-03
-543.500E-03,+3.046922E+00,+196.111E-03
-541.000E-03,+3.046922E+00,+115.709E-03
-538.500E-03,+3.031847E+00,+226.262E-03
-536.000E-03,+3.006721E+00,+176.010E-03
-533.500E-03,+3.006721E+00,+196.111E-03
-531.000E-03,+3.006721E+00,+145.860E-03
-528.500E-03,+2.966520E+00,+145.860E-03
-526.000E-03,+2.966520E+00,+226.262E-03
-523.500E-03,+2.966520E+00,+226.262E-03
-521.000E-03,+2.966520E+00,+176.010E-03
-518.500E-03,+2.941394E+00,+145.860E-03
-516.000E-03,+2.941394E+00,+145.860E-03
-513.500E-03,+2.926319E+00,+145.860E-03
-511.000E-03,+2.926319E+00,+145.860E-03
-508.500E-03,+2.911244E+00,+145.860E-03
-506.000E-03,+2.901193E+00,+226.262E-03
-503.500E-03,+2.901193E+00,+196.111E-03
-501.000E-03,+2.886118E+00,+176.010E-03
-498.500E-03,+2.860992E+00,+196.111E-03
-496.000E-03,+2.886118E+00,+226.262E-03
-493.500E-03,+2.860992E+00,+196.111E-03
-491.000E-03,+2.845917E+00,+196.111E-03
-488.500E-03,+2.845917E+00,+95.608E-03
-486.000E-03,+2.860992E+00,+176.010E-03
-483.500E-03,+2.845917E+00,+226.262E-03
-481.000E-03,+2.805716E+00,+85.558E-03
-478.500E-03,+2.805716E+00,+115.709E-03
-476.000E-03,+2.805716E+00,+115.709E-03
-473.500E-03,+2.805716E+00,+145.860E-03
-471.000E-03,+2.765515E+00,+145.860E-03
-468.500E-03,+2.790641E+00,+115.709E-03
-466.000E-03,+2.780590E+00,+145.860E-03
-463.500E-03,+2.765515E+00,+176.010E-03
-461.000E-03,+2.750440E+00,+196.111E-03
-458.500E-03,+2.750440E+00,+145.860E-03
-456.000E-03,+2.765515E+00,+145.860E-03
-453.500E-03,+2.765515E+00,+196.111E-03
-451.000E-03,+2.725314E+00,+176.010E-03
-448.500E-03,+2.725314E+00,+145.860E-03
-446.000E-03,+2.725314E+00,+145.860E-03
-443.500E-03,+2.685113E+00,+196.111E-03
-441.000E-03,+2.685113E+00,+145.860E-03
-438.500E-03,+2.685113E+00,+115.709E-03
-436.000E-03,+2.659987E+00,+176.010E-03
-433.500E-03,+2.659987E+00,+196.111E-03
-431.000E-03,+2.644912E+00,+95.608E-03
-428.500E-03,+2.644912E+00,+196.111E-03
-426.000E-03,+2.629837E+00,+256.412E-03
-423.500E-03,+2.629837E+00,+95.608E-03
-421.000E-03,+2.619786E+00,+145.860E-03
-418.500E-03,+2.604711E+00,+165.960E-03
-416.000E-03,+2.604711E+00,+95.608E-03
-413.500E-03,+2.604711E+00,+115.709E-03
-411.000E-03,+2.604711E+00,+206.161E-03
-408.500E-03,+2.564510E+00,+145.860E-03
-406.000E-03,+2.564510E+00,+226.262E-03
-403.500E-03,+2.564510E+00,+196.111E-03
-401.000E-03,+2.579585E+00,+176.010E-03
-398.500E-03,+2.564510E+00,+125.759E-03
-396.000E-03,+2.564510E+00,+145.860E-03
-393.500E-03,+2.539384E+00,+145.860E-03
-391.000E-03,+2.539384E+00,+196.111E-03
-388.500E-03,+2.524309E+00,+145.860E-03
-386.000E-03,+2.524309E+00,+226.262E-03
-383.500E-03,+2.484108E+00,+95.608E-03
-381.000E-03,+2.484108E+00,+196.111E-03
-378.500E-03,+2.509234E+00,+196.111E-03
-376.000E-03,+2.509234E+00,+95.608E-03
-373.500E-03,+2.484108E+00,+196.111E-03
-371.000E-03,+2.469033E+00,+145.860E-03
-368.500E-03,+2.469033E+00,+296.613E-03
-366.000E-03,+2.469033E+00,+35.307E-03
-363.500E-03,+2.443907E+00,+145.860E-03
-361.000E-03,+2.443907E+00,+176.010E-03
-358.500E-03,+2.428832E+00,+176.010E-03
-356.000E-03,+2.443907E+00,+216.211E-03
-353.500E-03,+2.403706E+00,+196.111E-03
-351.000E-03,+2.403706E+00,+125.759E-03
-348.500E-03,+2.403706E+00,+115.709E-03
-346.000E-03,+2.403706E+00,+145.860E-03
-343.500E-03,+2.403706E+00,+196.111E-03
-341.000E-03,+2.388631E+00,+145.860E-03
-338.500E-03,+2.403706E+00,+115.709E-03
-336.000E-03,+2.363505E+00,+196.111E-03
-333.500E-03,+2.378580E+00,+226.262E-03
-331.000E-03,+2.378580E+00,+145.860E-03
-328.500E-03,+2.363505E+00,+95.608E-03
-326.000E-03,+2.363505E+00,+145.860E-03
-323.500E-03,+2.323304E+00,+196.111E-03
-321.000E-03,+2.323304E+00,+145.860E-03
-318.500E-03,+2.338379E+00,+145.860E-03
-316.000E-03,+2.298178E+00,+145.860E-03
-313.500E-03,+2.323304E+00,+145.860E-03
-311.000E-03,+2.323304E+00,+196.111E-03
-308.500E-03,+2.298178E+00,+206.161E-03
-306.000E-03,+2.283103E+00,+145.860E-03
-303.500E-03,+2.283103E+00,+115.709E-03
-301.000E-03,+2.283103E+00,+115.709E-03
-298.500E-03,+2.268028E+00,+176.010E-03
-296.000E-03,+2.268028E+00,+145.860E-03
-293.500E-03,+2.257977E+00,+165.960E-03
-291.000E-03,+2.232852E+00,+145.860E-03
-288.500E-03,+2.242902E+00,+65.458E-03
-286.000E-03,+2.227827E+00,+115.709E-03
-283.500E-03,+2.242902E+00,+176.010E-03
-281.000E-03,+2.242902E+00,+35.307E-03
-278.500E-03,+2.217776E+00,+115.709E-03
-276.000E-03,+2.217776E+00,+145.860E-03
-273.500E-03,+2.202701E+00,+95.608E-03
-271.000E-03,+2.212751E+00,+145.860E-03
-268.500E-03,+2.187626E+00,+145.860E-03
-266.000E-03,+2.162500E+00,+176.010E-03
-263.500E-03,+2.162500E+00,+145.860E-03
-261.000E-03,+2.162500E+00,+176.010E-03
-258.500E-03,+2.162500E+00,+145.860E-03
-256.000E-03,+2.162500E+00,+95.608E-03
-253.500E-03,+2.147425E+00,+145.860E-03
-251.000E-03,+2.137374E+00,+115.709E-03
-248.500E-03,+2.147425E+00,+115.709E-03
-246.000E-03,+2.147425E+00,+85.558E-03
-243.500E-03,+2.122299E+00,+65.458E-03
-241.000E-03,+2.122299E+00,+95.608E-03
-238.500E-03,+2.082098E+00,+145.860E-03
-236.000E-03,+2.122299E+00,+145.860E-03
-233.500E-03,+2.107224E+00,+95.608E-03
-231.000E-03,+2.082098E+00,+196.111E-03
-228.500E-03,+2.082098E+00,+196.111E-03
-226.000E-03,+2.067023E+00,+55.407E-03
-223.500E-03,+2.082098E+00,+145.860E-03
-221.000E-03,+2.041897E+00,+145.860E-03
-218.500E-03,+2.041897E+00,+115.709E-03
-216.000E-03,+2.082098E+00,+176.010E-03
-213.500E-03,+2.041897E+00,+196.111E-03
-211.000E-03,+2.041897E+00,+145.860E-03
-208.500E-03,+2.056972E+00,+125.759E-03
-206.000E-03,+2.067023E+00,+115.709E-03
-203.500E-03,+2.016771E+00,+145.860E-03
-201.000E-03,+2.016771E+00,+145.860E-03
-198.500E-03,+2.026822E+00,+115.709E-03
-196.000E-03,+2.001696E+00,+165.960E-03
-193.500E-03,+2.026822E+00,+196.111E-03
-191.000E-03,+2.001696E+00,+145.860E-03
-188.500E-03,+2.001696E+00,+196.111E-03
-186.000E-03,+1.976570E+00,+95.608E-03
-183.500E-03,+1.976570E+00,+95.608E-03
-181.000E-03,+1.986621E+00,+115.709E-03
-178.500E-03,+1.961495E+00,+145.860E-03
-176.000E-03,+1.961495E+00,+95.608E-03
-173.500E-03,+1.961495E+00,+65.458E-03
-171.000E-03,+1.971545E+00,+145.860E-03
-168.500E-03,+1.921294E+00,+95.608E-03
-166.000E-03,+1.946420E+00,+95.608E-03
-163.500E-03,+1.946420E+00,+95.608E-03
-161.000E-03,+1.936369E+00,+145.860E-03
-158.500E-03,+1.921294E+00,+145.860E-03
-156.000E-03,+1.921294E+00,+176.010E-03
-153.500E-03,+1.921294E+00,+145.860E-03
-151.000E-03,+1.906219E+00,+115.709E-03
-148.500E-03,+1.881093E+00,+145.860E-03
-146.000E-03,+1.881093E+00,+95.608E-03
-143.500E-03,+1.881093E+00,+246.362E-03
-141.000E-03,+1.906219E+00,+115.709E-03
-138.500E-03,+1.881093E+00,+95.608E-03
-136.000E-03,+1.881093E+00,+145.860E-03
-133.500E-03,+1.881093E+00,+145.860E-03
-131.000E-03,+1.881093E+00,+196.111E-03
-128.500E-03,+1.840892E+00,+35.307E-03
-126.000E-03,+1.840892E+00,+115.709E-03
-123.500E-03,+1.840892E+00,+65.458E-03
-121.000E-03,+1.840892E+00,+145.860E-03
-118.500E-03,+1.815766E+00,+145.860E-03
-116.000E-03,+1.815766E+00,+145.860E-03
-113.500E-03,+1.815766E+00,+115.709E-03
-111.000E-03,+1.825816E+00,+165.960E-03
-108.500E-03,+1.800691E+00,+176.010E-03
-106.000E-03,+1.800691E+00,-85.296E-03
-103.500E-03,+1.800691E+00,+115.709E-03
-101.000E-03,+1.785615E+00,+145.860E-03
-98.500E-03,+1.800691E+00,+145.860E-03
-96.000E-03,+1.800691E+00,+145.860E-03
-93.500E-03,+1.800691E+00,+95.608E-03
-91.000E-03,+1.785615E+00,+145.860E-03
-88.500E-03,+1.760490E+00,+115.709E-03
-86.000E-03,+1.760490E+00,+115.709E-03
-83.500E-03,+1.785615E+00,+145.860E-03
-81.000E-03,+1.760490E+00,+145.860E-03
-78.500E-03,+1.735364E+00,+85.558E-03
-76.000E-03,+1.720289E+00,+145.860E-03
-73.500E-03,+1.735364E+00,+145.860E-03
-71.000E-03,+1.735364E+00,+95.608E-03
-68.500E-03,+1.695163E+00,+145.860E-03
-66.000E-03,+1.720289E+00,+196.111E-03
-63.500E-03,+1.720289E+00,+145.860E-03
-61.000E-03,+1.720289E+00,+145.860E-03
-58.500E-03,+1.720289E+00,+95.608E-03
-56.000E-03,+1.720289E+00,+125.759E-03
-53.500E-03,+1.695163E+00,+115.709E-03
-51.000E-03,+1.720289E+00,+125.759E-03
-48.500E-03,+1.705213E+00,+65.458E-03
-46.000E-03,+1.720289E+00,+115.709E-03
-43.500E-03,+1.690138E+00,+95.608E-03
-41.000E-03,+1.665012E+00,+95.608E-03
-38.500E-03,+1.665012E+00,+115.709E-03
-36.000E-03,+1.665012E+00,+95.608E-03
-33.500E-03,+1.680088E+00,+196.111E-03
-31.000E-03,+1.654962E+00,+196.111E-03
-28.500E-03,+1.665012E+00,+145.860E-03
-26.000E-03,+1.705213E+00,+85.558E-03
-23.500E-03,+1.654962E+00,+196.111E-03
-21.000E-03,+1.665012E+00,+115.709E-03
-18.500E-03,+1.665012E+00,+176.010E-03
-16.000E-03,+1.614761E+00,+85.558E-03
-13.500E-03,+1.665012E+00,+145.860E-03
-11.000E-03,+1.639887E+00,+115.709E-03
-8.500E-03,+1.639887E+00,+145.860E-03
-6.000E-03,+1.639887E+00,+196.111E-03
-3.500E-03,+1.624811E+00,+115.709E-03
-1.000E-03,+1.639887E+00,+115.709E-03
+1.500E-03,+1.599686E+00,+196.111E-03
+4.000E-03,+1.599686E+00,+165.960E-03
+6.500E-03,+1.599686E+00,+115.709E-03
+9.000E-03,+1.574560E+00,+95.608E-03
+11.500E-03,+1.599686E+00,+65.458E-03
+14.000E-03,+1.599686E+00,+196.111E-03
+16.500E-03,+1.584610E+00,+216.211E-03
+19.000E-03,+1.574560E+00,+95.608E-03
+21.500E-03,+1.599686E+00,+95.608E-03
+24.000E-03,+1.584610E+00,+115.709E-03
+26.500E-03,+1.584610E+00,+165.960E-03
+29.000E-03,+1.574560E+00,+15.206E-03
+31.500E-03,+1.559485E+00,+65.458E-03
+34.000E-03,+1.559485E+00,+115.709E-03
+36.500E-03,+1.559485E+00,+145.860E-03
+39.000E-03,+1.559485E+00,+85.558E-03
+41.500E-03,+1.559485E+00,+35.307E-03
+44.000E-03,+1.559485E+00,+65.458E-03
+46.500E-03,+1.544409E+00,+145.860E-03
+49.000E-03,+1.559485E+00,+65.458E-03
+51.500E-03,+1.544409E+00,+65.458E-03
+54.000E-03,+1.519284E+00,+145.860E-03
+56.500E-03,+1.519284E+00,+65.458E-03
+59.000E-03,+1.519284E+00,+145.860E-03
+61.500E-03,+1.519284E+00,+15.206E-03
+64.000E-03,+1.519284E+00,+95.608E-03
+66.500E-03,+1.504208E+00,+65.458E-03
+69.000E-03,+1.519284E+00,+145.860E-03
+71.500E-03,+1.494158E+00,+65.458E-03
+74.000E-03,+1.544409E+00,+115.709E-03
+76.500E-03,+1.519284E+00,+145.860E-03
+79.000E-03,+1.504208E+00,+145.860E-03
+81.500E-03,+1.479083E+00,+145.860E-03
+84.000E-03,+1.494158E+00,+165.960E-03
+86.500E-03,+1.479083E+00,+145.860E-03
+89.000E-03,+1.479083E+00,+65.458E-03
+91.500E-03,+1.479083E+00,+145.860E-03
+94.000E-03,+1.479083E+00,+125.759E-03
+96.500E-03,+1.479083E+00,+65.458E-03
+99.000E-03,+1.479083E+00,+95.608E-03
+101.500E-03,+1.453957E+00,+145.860E-03
+104.000E-03,+1.453957E+00,+125.759E-03
+106.500E-03,+1.464007E+00,+115.709E-03
+109.000E-03,+1.453957E+00,+115.709E-03
+111.500E-03,+1.453957E+00,+145.860E-03
+114.000E-03,+1.464007E+00,+115.709E-03
+116.500E-03,+1.438882E+00,+115.709E-03
+119.000E-03,+1.413756E+00,+85.558E-03
+121.500E-03,+1.438882E+00,+65.458E-03
+124.000E-03,+1.423806E+00,+65.458E-03
+126.500E-03,+1.438882E+00,+115.709E-03
+129.000E-03,+1.398681E+00,+115.709E-03
+131.500E-03,+1.453957E+00,+65.458E-03
+134.000E-03,+1.408731E+00,+45.357E-03
+136.500E-03,+1.423806E+00,+15.206E-03
+139.000E-03,+1.413756E+00,+95.608E-03
+141.500E-03,+1.398681E+00,+15.206E-03
+144.000E-03,+1.398681E+00,+35.307E-03
+146.500E-03,+1.413756E+00,+65.458E-03
+149.000E-03,+1.383605E+00,+75.508E-03
+151.500E-03,+1.383605E+00,+65.458E-03
+154.000E-03,+1.413756E+00,+45.357E-03
+156.500E-03,+1.413756E+00,+115.709E-03
+159.000E-03,+1.398681E+00,+115.709E-03
+161.500E-03,+1.398681E+00,+145.860E-03
+164.000E-03,+1.383605E+00,+65.458E-03
+166.500E-03,+1.398681E+00,+15.206E-03
+169.000E-03,+1.373555E+00,+65.458E-03
+171.500E-03,+1.343404E+00,+65.458E-03
+174.000E-03,+1.358480E+00,+145.860E-03
+176.500E-03,+1.373555E+00,+65.458E-03
+179.000E-03,+1.358480E+00,+65.458E-03
+181.500E-03,+1.358480E+00,+65.458E-03
+184.000E-03,+1.358480E+00,+115.709E-03
+186.500E-03,+1.343404E+00,+145.860E-03
+189.000E-03,+1.358480E+00,+115.709E-03
+191.500E-03,+1.343404E+00,+176.010E-03
+194.000E-03,+1.343404E+00,+15.206E-03
+196.500E-03,+1.358480E+00,+15.206E-03
+199.000E-03,+1.318279E+00,+65.458E-03
+201.500E-03,+1.333354E+00,+115.709E-03
+204.000E-03,+1.358480E+00,+65.458E-03
+206.500E-03,+1.318279E+00,+95.608E-03
+209.000E-03,+1.318279E+00,+65.458E-03
+211.500E-03,+1.318279E+00,+115.709E-03
+214.000E-03,+1.318279E+00,+65.458E-03
+216.500E-03,+1.318279E+00,+65.458E-03
+219.000E-03,+1.318279E+00,+65.458E-03
+221.500E-03,+1.318279E+00,+95.608E-03
+224.000E-03,+1.333354E+00,+115.709E-03
+226.500E-03,+1.293153E+00,-35.045E-03
+229.000E-03,+1.278078E+00,+145.860E-03
+231.500E-03,+1.278078E+00,+65.458E-03
+234.000E-03,+1.318279E+00,+115.709E-03
+236.500E-03,+1.293153E+00,+85.558E-03
+239.000E-03,+1.278078E+00,+65.458E-03
+241.500E-03,+1.303203E+00,+65.458E-03
+244.000E-03,+1.278078E+00,+95.608E-03
+246.500E-03,+1.278078E+00,+145.860E-03
+249.000E-03,+1.278078E+00,+45.357E-03
+251.500E-03,+1.252952E+00,+65.458E-03
+254.000E-03,+1.278078E+00,+145.860E-03
+256.500E-03,+1.278078E+00,+145.860E-03
+259.000E-03,+1.278078E+00,+115.709E-03
+261.500E-03,+1.278078E+00,+155.910E-03
+264.000E-03,+1.237877E+00,+65.458E-03
+266.500E-03,+1.263002E+00,+95.608E-03
+269.000E-03,+1.252952E+00,+65.458E-03
+271.500E-03,+1.237877E+00,+115.709E-03
+274.000E-03,+1.247927E+00,+115.709E-03
+276.500E-03,+1.237877E+00,+95.608E-03
+279.000E-03,+1.237877E+00,+145.860E-03
+281.500E-03,+1.252952E+00,+125.759E-03
+284.000E-03,+1.237877E+00,+135.809E-03
+286.500E-03,+1.263002E+00,+65.458E-03
+289.000E-03,+1.237877E+00,+145.860E-03
+291.500E-03,+1.222801E+00,+95.608E-03
+294.000E-03,+1.237877E+00,+65.458E-03
+296.500E-03,+1.197676E+00,+145.860E-03
+299.000E-03,+1.222801E+00,+165.960E-03
+301.500E-03,+1.212751E+00,+95.608E-03
+304.000E-03,+1.197676E+00,+125.759E-03
+306.500E-03,+1.212751E+00,+115.709E-03
+309.000E-03,+1.197676E+00,+115.709E-03
+311.500E-03,+1.197676E+00,+85.558E-03
+314.000E-03,+1.197676E+00,+115.709E-03
+316.500E-03,+1.207726E+00,+85.558E-03
+319.000E-03,+1.197676E+00,+95.608E-03
+321.500E-03,+1.197676E+00,+115.709E-03
+324.000E-03,+1.182600E+00,+115.709E-03
+326.500E-03,+1.187626E+00,+15.206E-03
+329.000E-03,+1.182600E+00,+145.860E-03
+331.500E-03,+1.197676E+00,+55.407E-03
+334.000E-03,+1.197676E+00,+115.709E-03
+336.500E-03,+1.197676E+00,+176.010E-03
+339.000E-03,+1.157475E+00,+35.307E-03
+341.500E-03,+1.132349E+00,+65.458E-03
+344.000E-03,+1.157475E+00,+115.709E-03
+346.500E-03,+1.157475E+00,+155.910E-03
+349.000E-03,+1.157475E+00,+115.709E-03
+351.500E-03,+1.157475E+00,+45.357E-03
+354.000E-03,+1.132349E+00,+65.458E-03
+356.500E-03,+1.157475E+00,+115.709E-03
+359.000E-03,+1.132349E+00,+95.608E-03
+361.500E-03,+1.117274E+00,+65.458E-03
+364.000E-03,+1.157475E+00,+65.458E-03
+366.500E-03,+1.142399E+00,+65.458E-03
+369.000E-03,+1.142399E+00,+115.709E-03
+371.500E-03,+1.132349E+00,+65.458E-03
+374.000E-03,+1.117274E+00,+65.458E-03
+376.500E-03,+1.132349E+00,+95.608E-03
+379.000E-03,+1.117274E+00,+145.860E-03
+381.500E-03,+1.117274E+00,+216.211E-03
+384.000E-03,+1.117274E+00,+65.458E-03
+386.500E-03,+1.132349E+00,+65.458E-03
+389.000E-03,+1.117274E+00,+65.458E-03
+391.500E-03,+1.092148E+00,+95.608E-03
+394.000E-03,+1.117274E+00,+65.458E-03
+396.500E-03,+1.117274E+00,+65.458E-03
+399.000E-03,+1.117274E+00,+145.860E-03
+401.500E-03,+1.117274E+00,+65.458E-03
+404.000E-03,+1.077073E+00,+65.458E-03
+406.500E-03,+1.087123E+00,+65.458E-03
+409.000E-03,+1.102198E+00,+65.458E-03
+411.500E-03,+1.077073E+00,+85.558E-03
+414.000E-03,+1.077073E+00,+15.206E-03
+416.500E-03,+1.077073E+00,+206.161E-03
+419.000E-03,+1.092148E+00,+35.307E-03
+421.500E-03,+1.051947E+00,+145.860E-03
+424.000E-03,+1.077073E+00,+65.458E-03
+426.500E-03,+1.036872E+00,+35.307E-03
+429.000E-03,+1.077073E+00,+65.458E-03
+431.500E-03,+1.077073E+00,+65.458E-03
+434.000E-03,+1.092148E+00,+65.458E-03
+436.500E-03,+1.036872E+00,+65.458E-03
+439.000E-03,+1.036872E+00,+115.709E-03
+441.500E-03,+1.051947E+00,+95.608E-03
+444.000E-03,+1.046922E+00,+85.558E-03
+446.500E-03,+1.077073E+00,+65.458E-03
+449.000E-03,+1.061997E+00,+65.458E-03
+451.500E-03,+1.036872E+00,+145.860E-03
+454.000E-03,+1.036872E+00,+95.608E-03
+456.500E-03,+1.077073E+00,+65.458E-03
+459.000E-03,+1.051947E+00,+85.558E-03
+461.500E-03,+1.036872E+00,+45.357E-03
+464.000E-03,+1.036872E+00,+65.458E-03
+466.500E-03,+1.036872E+00,+115.709E-03
+469.000E-03,+1.036872E+00,+65.458E-03
+471.500E-03,+1.036872E+00,+115.709E-03
+474.000E-03,+1.026822E+00,+95.608E-03
+476.500E-03,+996.671E-03,+65.458E-03
+479.000E-03,+1.021796E+00,+15.206E-03
+481.500E-03,+1.036872E+00,+15.206E-03
+484.000E-03,+996.671E-03,+65.458E-03
+486.500E-03,+1.021796E+00,+65.458E-03
+489.000E-03,+1.036872E+00,+145.860E-03
+491.500E-03,+1.021796E+00,+65.458E-03
+494.000E-03,+996.671E-03,+65.458E-03
+496.500E-03,+1.021796E+00,+95.608E-03
+499.000E-03,+996.671E-03,+35.307E-03
+501.500E-03,+1.011746E+00,+216.211E-03
+504.000E-03,+996.671E-03,+65.458E-03
+506.500E-03,+996.671E-03,+35.307E-03
+509.000E-03,+996.671E-03,+145.860E-03
+511.500E-03,+981.595E-03,+35.307E-03
+514.000E-03,+996.671E-03,+115.709E-03
+516.500E-03,+996.671E-03,+65.458E-03
+519.000E-03,+971.545E-03,+115.709E-03
+521.500E-03,+971.545E-03,+95.608E-03
+524.000E-03,+996.671E-03,+115.709E-03
+526.500E-03,+996.671E-03,+145.860E-03
+529.000E-03,+996.671E-03,+65.458E-03
+531.500E-03,+981.595E-03,+65.458E-03
+534.000E-03,+971.545E-03,+65.458E-03
+536.500E-03,+981.595E-03,+65.458E-03
+539.000E-03,+956.470E-03,+95.608E-03
+541.500E-03,+956.470E-03,+35.307E-03
+544.000E-03,+971.545E-03,+35.307E-03
+546.500E-03,+956.470E-03,+226.262E-03
+549.000E-03,+956.470E-03,+65.458E-03
+551.500E-03,+956.470E-03,+65.458E-03
+554.000E-03,+956.470E-03,+65.458E-03
+556.500E-03,+956.470E-03,+85.558E-03
+559.000E-03,+956.470E-03,+65.458E-03
+561.500E-03,+941.394E-03,+95.608E-03
+564.000E-03,+956.470E-03,+15.206E-03
+566.500E-03,+941.394E-03,+95.608E-03
+569.000E-03,+916.269E-03,+65.458E-03
+571.500E-03,+956.470E-03,+35.307E-03
+574.000E-03,+891.143E-03,-35.045E-03
+576.500E-03,+941.394E-03,+65.458E-03
+579.000E-03,+941.394E-03,+95.608E-03
+581.500E-03,+916.269E-03,+75.508E-03
+584.000E-03,+916.269E-03,+95.608E-03
+586.500E-03,+956.470E-03,+95.608E-03
+589.000E-03,+916.269E-03,+85.558E-03
+591.500E-03,+956.470E-03,+45.357E-03
+594.000E-03,+941.394E-03,+95.608E-03
+596.500E-03,+916.269E-03,+145.860E-03
+599.000E-03,+916.269E-03,+65.458E-03
+601.500E-03,+916.269E-03,+65.458E-03
+604.000E-03,+876.068E-03,+65.458E-03
+606.500E-03,+901.193E-03,+85.558E-03
+609.000E-03,+891.143E-03,+85.558E-03
+611.500E-03,+901.193E-03,+65.458E-03
+614.000E-03,+876.068E-03,+35.307E-03
+616.500E-03,+901.193E-03,+95.608E-03
+619.000E-03,+876.068E-03,+165.960E-03
+621.500E-03,+876.068E-03,+65.458E-03
+624.000E-03,+901.193E-03,+95.608E-03
+626.500E-03,+891.143E-03,+65.458E-03
+629.000E-03,+901.193E-03,+65.458E-03
+631.500E-03,+901.193E-03,+196.111E-03
+634.000E-03,+876.068E-03,-14.944E-03
+636.500E-03,+901.193E-03,+35.307E-03
+639.000E-03,+876.068E-03,+15.206E-03
+641.500E-03,+876.068E-03,+65.458E-03
+644.000E-03,+850.942E-03,+35.307E-03
+646.500E-03,+850.942E-03,-85.296E-03
+649.000E-03,+860.992E-03,+95.608E-03
+651.500E-03,+866.018E-03,+35.307E-03
+654.000E-03,+901.193E-03,+65.458E-03
+656.500E-03,+835.867E-03,+65.458E-03
+659.000E-03,+876.068E-03,+65.458E-03
+661.500E-03,+876.068E-03,+115.709E-03
+664.000E-03,+850.942E-03,+65.458E-03
+666.500E-03,+850.942E-03,-65.196E-03
+669.000E-03,+835.867E-03,+15.206E-03
+671.500E-03,+850.942E-03,+125.759E-03
+674.000E-03,+835.867E-03,+115.709E-03
+676.500E-03,+850.942E-03,+65.458E-03
+679.000E-03,+835.867E-03,+65.458E-03
+681.500E-03,+835.867E-03,-14.944E-03
+684.000E-03,+876.068E-03,+65.458E-03
+686.500E-03,+835.867E-03,+65.458E-03
+689.000E-03,+810.741E-03,+65.458E-03
+691.500E-03,+835.867E-03,+95.608E-03
+694.000E-03,+835.867E-03,+15.206E-03
+696.500E-03,+835.867E-03,+65.458E-03
+699.000E-03,+835.867E-03,-35.045E-03
+701.500E-03,+810.741E-03,+15.206E-03
+704.000E-03,+835.867E-03,+95.608E-03
+706.500E-03,+835.867E-03,+145.860E-03
+709.000E-03,+835.867E-03,+35.307E-03
+711.500E-03,+810.741E-03,+15.206E-03
+714.000E-03,+835.867E-03,+15.206E-03
+716.500E-03,+835.867E-03,+65.458E-03
+719.000E-03,+810.741E-03,+15.206E-03
+721.500E-03,+810.741E-03,+65.458E-03
+724.000E-03,+820.791E-03,+15.206E-03
+726.500E-03,+795.666E-03,+65.458E-03
+729.000E-03,+795.666E-03,+65.458E-03
+731.500E-03,+820.791E-03,+65.458E-03
+734.000E-03,+835.867E-03,+35.307E-03
+736.500E-03,+795.666E-03,+35.307E-03
+739.000E-03,+795.666E-03,+145.860E-03
+741.500E-03,+795.666E-03,+65.458E-03
+744.000E-03,+795.666E-03,+95.608E-03
+746.500E-03,+820.791E-03,+65.458E-03
+749.000E-03,+795.666E-03,+65.458E-03
+751.500E-03,+795.666E-03,+65.458E-03
+754.000E-03,+795.666E-03,+65.458E-03
+756.500E-03,+810.741E-03,+65.458E-03
+759.000E-03,+780.590E-03,+65.458E-03
+761.500E-03,+770.540E-03,+35.307E-03
+764.000E-03,+795.666E-03,+65.458E-03
+766.500E-03,+780.590E-03,+65.458E-03
+769.000E-03,+770.540E-03,+115.709E-03
+771.500E-03,+780.590E-03,+85.558E-03
+774.000E-03,+795.666E-03,+65.458E-03
+776.500E-03,+730.339E-03,-14.944E-03
+779.000E-03,+755.465E-03,+15.206E-03
+781.500E-03,+795.666E-03,+15.206E-03
+784.000E-03,+755.465E-03,+35.307E-03
+786.500E-03,+770.540E-03,+15.206E-03
+789.000E-03,+755.465E-03,+35.307E-03
+791.500E-03,+755.465E-03,+65.458E-03
+794.000E-03,+770.540E-03,+65.458E-03
+796.500E-03,+755.465E-03,+95.608E-03
+799.000E-03,+740.389E-03,+15.206E-03
+801.500E-03,+755.465E-03,+5.156E-03
+804.000E-03,+730.339E-03,+35.307E-03
+806.500E-03,+770.540E-03,+15.206E-03
+809.000E-03,+755.465E-03,+65.458E-03
+811.500E-03,+755.465E-03,+115.709E-03
+814.000E-03,+755.465E-03,+65.458E-03
+816.500E-03,+755.465E-03,+65.458E-03
+819.000E-03,+730.339E-03,+95.608E-03
+821.500E-03,+755.465E-03,-35.045E-03
+824.000E-03,+730.339E-03,-55.145E-03
+826.500E-03,+740.389E-03,+65.458E-03
+829.000E-03,+730.339E-03,+15.206E-03
+831.500E-03,+740.389E-03,+65.458E-03
+834.000E-03,+740.389E-03,+115.709E-03
+836.500E-03,+715.264E-03,-14.944E-03
+839.000E-03,+715.264E-03,+15.206E-03
+841.500E-03,+715.264E-03,+65.458E-03
+844.000E-03,+715.264E-03,+35.307E-03
+846.500E-03,+740.389E-03,-45.095E-03
+849.000E-03,+740.389E-03,+65.458E-03
+851.500E-03,+715.264E-03,+145.860E-03
+854.000E-03,+690.138E-03,+95.608E-03
+856.500E-03,+715.264E-03,+35.307E-03
+859.000E-03,+740.389E-03,+65.458E-03
+861.500E-03,+715.264E-03,+65.458E-03
+864.000E-03,+715.264E-03,+95.608E-03
+866.500E-03,+715.264E-03,+65.458E-03
+869.000E-03,+715.264E-03,+15.206E-03
+871.500E-03,+700.188E-03,+95.608E-03
+874.000E-03,+715.264E-03,+15.206E-03
+876.500E-03,+690.138E-03,+115.709E-03
+879.000E-03,+675.063E-03,-135.548E-03
+881.500E-03,+700.188E-03,+65.458E-03
+884.000E-03,+700.188E-03,+65.458E-03
+886.500E-03,+715.264E-03,+65.458E-03
+889.000E-03,+700.188E-03,+65.458E-03
+891.500E-03,+715.264E-03,+65.458E-03
+894.000E-03,+675.063E-03,-14.944E-03
+896.500E-03,+690.138E-03,+115.709E-03
+899.000E-03,+675.063E-03,+65.458E-03
+901.500E-03,+700.188E-03,+165.960E-03
+904.000E-03,+700.188E-03,+35.307E-03
+906.500E-03,+700.188E-03,+65.458E-03
+909.000E-03,+675.063E-03,+65.458E-03
+911.500E-03,+675.063E-03,+65.458E-03
+914.000E-03,+675.063E-03,+115.709E-03
+916.500E-03,+715.264E-03,+65.458E-03
+919.000E-03,+675.063E-03,+65.458E-03
+921.500E-03,+675.063E-03,+35.307E-03
+924.000E-03,+649.937E-03,+65.458E-03
+926.500E-03,+690.138E-03,+65.458E-03
+929.000E-03,+675.063E-03,+95.608E-03
+931.500E-03,+659.987E-03,+35.307E-03
+934.000E-03,+675.063E-03,+35.307E-03
+936.500E-03,+675.063E-03,+15.206E-03
+939.000E-03,+665.012E-03,+95.608E-03
+941.500E-03,+659.987E-03,+65.458E-03
+944.000E-03,+649.937E-03,+15.206E-03
+946.500E-03,+649.937E-03,+65.458E-03
+949.000E-03,+675.063E-03,+15.206E-03
+951.500E-03,+634.862E-03,+65.458E-03
+954.000E-03,+659.987E-03,+65.458E-03
+956.500E-03,+659.987E-03,+65.458E-03
+959.000E-03,+659.987E-03,+115.709E-03
+961.500E-03,+659.987E-03,+85.558E-03
+964.000E-03,+649.937E-03,+85.558E-03
+966.500E-03,+649.937E-03,-35.045E-03
+969.000E-03,+634.862E-03,+35.307E-03
+971.500E-03,+659.987E-03,+65.458E-03
+974.000E-03,+619.786E-03,+165.960E-03
+976.500E-03,+634.862E-03,+65.458E-03
+979.000E-03,+634.862E-03,+15.206E-03
+981.500E-03,+634.862E-03,+15.206E-03
+984.000E-03,+634.862E-03,-14.944E-03
+986.500E-03,+634.862E-03,+65.458E-03
+989.000E-03,+624.811E-03,+15.206E-03
+991.500E-03,+634.862E-03,+115.709E-03
+994.000E-03,+594.661E-03,+65.458E-03
+996.500E-03,+634.862E-03,-14.944E-03
+999.000E-03,+634.862E-03,+65.458E-03
+1.001500E+00,+659.987E-03,-14.944E-03
+1.004000E+00,+619.786E-03,+65.458E-03
+1.006500E+00,+609.736E-03,+65.458E-03
+1.009000E+00,+634.862E-03,+45.357E-03
+1.011500E+00,+594.661E-03,+65.458E-03
+1.014000E+00,+634.862E-03,+15.206E-03
+1.016500E+00,+594.661E-03,+15.206E-03
+1.019000E+00,+634.862E-03,+35.307E-03
+1.021500E+00,+609.736E-03,+65.458E-03
+1.024000E+00,+619.786E-03,+65.458E-03
+1.026500E+00,+619.786E-03,+65.458E-03
+1.029000E+00,+609.736E-03,+15.206E-03
+1.031500E+00,+594.661E-03,+65.458E-03
+1.034000E+00,+609.736E-03,+65.458E-03
+1.036500E+00,+609.736E-03,+15.206E-03
+1.039000E+00,+594.661E-03,+65.458E-03
+1.041500E+00,+609.736E-03,+15.206E-03
+1.044000E+00,+594.661E-03,+35.307E-03
+1.046500E+00,+594.661E-03,+65.458E-03
+1.049000E+00,+609.736E-03,+65.458E-03
+1.051500E+00,+594.661E-03,+65.458E-03
+1.054000E+00,+594.661E-03,+35.307E-03
+1.056500E+00,+609.736E-03,+65.458E-03
+1.059000E+00,+579.585E-03,+65.458E-03
+1.061500E+00,+594.661E-03,+35.307E-03
+1.064000E+00,+594.661E-03,+65.458E-03
+1.066500E+00,+579.585E-03,+65.458E-03
+1.069000E+00,+579.585E-03,+95.608E-03
+1.071500E+00,+594.661E-03,+65.458E-03
+1.074000E+00,+594.661E-03,+15.206E-03
+1.076500E+00,+579.585E-03,+65.458E-03
+1.079000E+00,+579.585E-03,-14.944E-03
+1.081500E+00,+569.535E-03,+35.307E-03
+1.084000E+00,+594.661E-03,+15.206E-03
+1.086500E+00,+579.585E-03,+65.458E-03
+1.089000E+00,+594.661E-03,+15.206E-03
+1.091500E+00,+569.535E-03,+15.206E-03
+1.094000E+00,+579.585E-03,+65.458E-03
+1.096500E+00,+569.535E-03,-14.944E-03
+1.099000E+00,+579.585E-03,-14.944E-03
+1.101500E+00,+569.535E-03,+35.307E-03
+1.104000E+00,+569.535E-03,+65.458E-03
+1.106500E+00,+554.460E-03,+35.307E-03
+1.109000E+00,+554.460E-03,+35.307E-03
+1.111500E+00,+554.460E-03,+65.458E-03
+1.114000E+00,+569.535E-03,-14.944E-03
+1.116500E+00,+554.460E-03,+95.608E-03
+1.119000E+00,+569.535E-03,+15.206E-03
+1.121500E+00,+554.460E-03,+15.206E-03
+1.124000E+00,+569.535E-03,+65.458E-03
+1.126500E+00,+554.460E-03,+35.307E-03
+1.129000E+00,+569.535E-03,+65.458E-03
+1.131500E+00,+594.661E-03,+35.307E-03
+1.134000E+00,+539.384E-03,+65.458E-03
+1.136500E+00,+579.585E-03,+65.458E-03
+1.139000E+00,+514.259E-03,-14.944E-03
+1.141500E+00,+554.460E-03,+65.458E-03
+1.144000E+00,+554.460E-03,+15.206E-03
+1.146500E+00,+554.460E-03,+246.362E-03
+1.149000E+00,+569.535E-03,+125.759E-03
+1.151500E+00,+554.460E-03,+65.458E-03
+1.154000E+00,+554.460E-03,-14.944E-03
+1.156500E+00,+514.259E-03,+15.206E-03
+1.159000E+00,+529.334E-03,+35.307E-03
+1.161500E+00,+529.334E-03,+65.458E-03
+1.164000E+00,+554.460E-03,+65.458E-03
+1.166500E+00,+539.384E-03,+65.458E-03
+1.169000E+00,+529.334E-03,+35.307E-03
+1.171500E+00,+539.384E-03,-14.944E-03
+1.174000E+00,+489.133E-03,-14.944E-03
+1.176500E+00,+554.460E-03,+35.307E-03
+1.179000E+00,+529.334E-03,-14.944E-03
+1.181500E+00,+529.334E-03,+15.206E-03
+1.184000E+00,+514.259E-03,+65.458E-03
+1.186500E+00,+539.384E-03,+35.307E-03
+1.189000E+00,+554.460E-03,+65.458E-03
+1.191500E+00,+539.384E-03,+35.307E-03
+1.194000E+00,+514.259E-03,+65.458E-03
+1.196500E+00,+554.460E-03,+115.709E-03
+1.199000E+00,+539.384E-03,+15.206E-03
+1.201500E+00,+514.259E-03,+15.206E-03
+1.204000E+00,+529.334E-03,-14.944E-03
+1.206500E+00,+529.334E-03,+15.206E-03
+1.209000E+00,+499.183E-03,+35.307E-03
+1.211500E+00,+514.259E-03,+15.206E-03
+1.214000E+00,+529.334E-03,+35.307E-03
+1.216500E+00,+514.259E-03,+65.458E-03
+1.219000E+00,+514.259E-03,+15.206E-03
+1.221500E+00,+514.259E-03,+15.206E-03
+1.224000E+00,+514.259E-03,-14.944E-03
+1.226500E+00,+489.133E-03,+115.709E-03
+1.229000E+00,+499.183E-03,+35.307E-03
+1.231500E+00,+489.133E-03,-65.196E-03
+1.234000E+00,+514.259E-03,+35.307E-03
+1.236500E+00,+499.183E-03,+15.206E-03
+1.239000E+00,+514.259E-03,+85.558E-03
+1.241500E+00,+514.259E-03,-14.944E-03
+1.244000E+00,+514.259E-03,+35.307E-03
+1.246500E+00,+489.133E-03,+65.458E-03
+1.249000E+00,+474.058E-03,-14.944E-03
+1.251500E+00,+499.183E-03,+65.458E-03
+1.254000E+00,+514.259E-03,-14.944E-03
+1.256500E+00,+474.058E-03,+65.458E-03
+1.259000E+00,+514.259E-03,-14.944E-03
+1.261500E+00,+489.133E-03,-14.944E-03
+1.264000E+00,+499.183E-03,-14.944E-03
+1.266500E+00,+489.133E-03,+15.206E-03
+1.269000E+00,+474.058E-03,+95.608E-03
+1.271500E+00,+514.259E-03,+15.206E-03
+1.274000E+00,+474.058E-03,-14.944E-03
+1.276500E+00,+499.183E-03,+15.206E-03
+1.279000E+00,+474.058E-03,+15.206E-03
+1.281500E+00,+499.183E-03,+95.608E-03
+1.284000E+00,+499.183E-03,+15.206E-03
+1.286500E+00,+474.058E-03,+65.458E-03
+1.289000E+00,+474.058E-03,+65.458E-03
+1.291500E+00,+499.183E-03,+65.458E-03
+1.294000E+00,+474.058E-03,+35.307E-03
+1.296500E+00,+489.133E-03,+65.458E-03
+1.299000E+00,+489.133E-03,+35.307E-03
+1.301500E+00,+448.932E-03,+65.458E-03
+1.304000E+00,+458.982E-03,+15.206E-03
+1.306500E+00,+474.058E-03,+115.709E-03
+1.309000E+00,+474.058E-03,-35.045E-03
+1.311500E+00,+474.058E-03,+65.458E-03
+1.314000E+00,+474.058E-03,+15.206E-03
+1.316500E+00,+474.058E-03,+115.709E-03
+1.319000E+00,+489.133E-03,+15.206E-03
+1.321500E+00,+474.058E-03,-14.944E-03
+1.324000E+00,+448.932E-03,+15.206E-03
+1.326500E+00,+474.058E-03,+65.458E-03
+1.329000E+00,+448.932E-03,+35.307E-03
+1.331500E+00,+474.058E-03,+45.357E-03
+1.334000E+00,+458.982E-03,-35.045E-03
+1.336500E+00,+448.932E-03,+15.206E-03
+1.339000E+00,+448.932E-03,+35.307E-03
+1.341500E+00,+474.058E-03,+15.206E-03
+1.344000E+00,+474.058E-03,+35.307E-03
+1.346500E+00,+448.932E-03,+35.307E-03
+1.349000E+00,+448.932E-03,+45.357E-03
+1.351500E+00,+484.108E-03,+95.608E-03
+1.354000E+00,+458.982E-03,+65.458E-03
+1.356500E+00,+474.058E-03,-14.944E-03
+1.359000E+00,+448.932E-03,+15.206E-03
+1.361500E+00,+433.857E-03,+15.206E-03
+1.364000E+00,+474.058E-03,+65.458E-03
+1.366500E+00,+433.857E-03,+65.458E-03
+1.369000E+00,+433.857E-03,+15.206E-03
+1.371500E+00,+474.058E-03,+15.206E-03
+1.374000E+00,+474.058E-03,+15.206E-03
+1.376500E+00,+433.857E-03,+85.558E-03
+1.379000E+00,+433.857E-03,+65.458E-03
+1.381500E+00,+474.058E-03,+15.206E-03
+1.384000E+00,+448.932E-03,+35.307E-03
+1.386500E+00,+448.932E-03,+65.458E-03
+1.389000E+00,+433.857E-03,+15.206E-03
+1.391500E+00,+474.058E-03,+35.307E-03
+1.394000E+00,+433.857E-03,+35.307E-03
+1.396500E+00,+433.857E-03,-14.944E-03
+1.399000E+00,+433.857E-03,+15.206E-03
+1.401500E+00,+433.857E-03,+65.458E-03
+1.404000E+00,+448.932E-03,+35.307E-03
+1.406500E+00,+433.857E-03,-14.944E-03
+1.409000E+00,+433.857E-03,-14.944E-03
+1.411500E+00,+418.781E-03,+5.156E-03
+1.414000E+00,+433.857E-03,+65.458E-03
+1.416500E+00,+433.857E-03,+65.458E-03
+1.419000E+00,+408.731E-03,+35.307E-03
+1.421500E+00,+433.857E-03,+35.307E-03
+1.424000E+00,+418.781E-03,+35.307E-03
+1.426500E+00,+433.857E-03,-14.944E-03
+1.429000E+00,+433.857E-03,+15.206E-03
+1.431500E+00,+418.781E-03,+65.458E-03
+1.434000E+00,+408.731E-03,+45.357E-03
+1.436500E+00,+448.932E-03,+35.307E-03
+1.439000E+00,+408.731E-03,+15.206E-03
+1.441500E+00,+393.656E-03,+15.206E-03
+1.444000E+00,+393.656E-03,+65.458E-03
+1.446500E+00,+408.731E-03,+35.307E-03
+1.449000E+00,+418.781E-03,+65.458E-03
+1.451500E+00,+418.781E-03,+5.156E-03
+1.454000E+00,+408.731E-03,+15.206E-03
+1.456500E+00,+408.731E-03,+155.910E-03
+1.459000E+00,+433.857E-03,+35.307E-03
+1.461500E+00,+418.781E-03,+65.458E-03
+1.464000E+00,+418.781E-03,+35.307E-03
+1.466500E+00,+418.781E-03,+35.307E-03
+1.469000E+00,+433.857E-03,-14.944E-03
+1.471500E+00,+393.656E-03,+15.206E-03
+1.474000E+00,+418.781E-03,+35.307E-03
+1.476500E+00,+433.857E-03,+35.307E-03
+1.479000E+00,+393.656E-03,+35.307E-03
+1.481500E+00,+418.781E-03,+35.307E-03
+1.484000E+00,+408.731E-03,+35.307E-03
+1.486500E+00,+408.731E-03,+65.458E-03
+1.489000E+00,+408.731E-03,+65.458E-03
+1.491500E+00,+393.656E-03,+15.206E-03
+1.494000E+00,+418.781E-03,+15.206E-03
+1.496500E+00,+408.731E-03,+65.458E-03
+1.499000E+00,+418.781E-03,+15.206E-03
+1.501500E+00,+393.656E-03,-14.944E-03
+1.504000E+00,+393.656E-03,-14.944E-03
+1.506500E+00,+378.580E-03,+135.809E-03
+1.509000E+00,+393.656E-03,+65.458E-03
+1.511500E+00,+353.455E-03,+15.206E-03
+1.514000E+00,+418.781E-03,+35.307E-03
+1.516500E+00,+393.656E-03,+5.156E-03
+1.519000E+00,+393.656E-03,+35.307E-03
+1.521500E+00,+393.656E-03,+65.458E-03
+1.524000E+00,+393.656E-03,+65.458E-03
+1.526500E+00,+393.656E-03,+65.458E-03
+1.529000E+00,+393.656E-03,-14.944E-03
+1.531500E+00,+393.656E-03,+65.458E-03
+1.534000E+00,+393.656E-03,+35.307E-03
+1.536500E+00,+393.656E-03,+15.206E-03
+1.539000E+00,+418.781E-03,+115.709E-03
+1.541500E+00,+393.656E-03,+35.307E-03
+1.544000E+00,+393.656E-03,+15.206E-03
+1.546500E+00,+393.656E-03,+15.206E-03
+1.549000E+00,+378.580E-03,+35.307E-03
+1.551500E+00,+393.656E-03,-14.944E-03
+1.554000E+00,+378.580E-03,+35.307E-03
+1.556500E+00,+368.530E-03,+15.206E-03
+1.559000E+00,+378.580E-03,+65.458E-03
+1.561500E+00,+393.656E-03,+65.458E-03
+1.564000E+00,+353.455E-03,+85.558E-03
+1.566500E+00,+393.656E-03,-45.095E-03
+1.569000E+00,+393.656E-03,+35.307E-03
+1.571500E+00,+378.580E-03,+65.458E-03
+1.574000E+00,+378.580E-03,+65.458E-03
+1.576500E+00,+403.706E-03,+5.156E-03
+1.579000E+00,+378.580E-03,+15.206E-03
+1.581500E+00,+393.656E-03,+65.458E-03
+1.584000E+00,+353.455E-03,+65.458E-03
+1.586500E+00,+403.706E-03,+65.458E-03
+1.589000E+00,+353.455E-03,+45.357E-03
+1.591500E+00,+393.656E-03,+35.307E-03
+1.594000E+00,+378.580E-03,+35.307E-03
+1.596500E+00,+393.656E-03,-14.944E-03
+1.599000E+00,+353.455E-03,+85.558E-03
+1.601500E+00,+368.530E-03,-35.045E-03
+1.604000E+00,+378.580E-03,+35.307E-03
+1.606500E+00,+378.580E-03,+15.206E-03
+1.609000E+00,+393.656E-03,+15.206E-03
+1.611500E+00,+353.455E-03,+35.307E-03
+1.614000E+00,+353.455E-03,+65.458E-03
+1.616500E+00,+368.530E-03,+15.206E-03
+1.619000E+00,+338.379E-03,-14.944E-03
+1.621500E+00,+353.455E-03,-95.347E-03
+1.624000E+00,+368.530E-03,+35.307E-03
+1.626500E+00,+353.455E-03,+35.307E-03
+1.629000E+00,+353.455E-03,+95.608E-03
+1.631500E+00,+353.455E-03,+95.608E-03
+1.634000E+00,+378.580E-03,+5.156E-03
+1.636500E+00,+368.530E-03,+15.206E-03
+1.639000E+00,+353.455E-03,+35.307E-03
+1.641500E+00,+353.455E-03,+35.307E-03
+1.644000E+00,+353.455E-03,+65.458E-03
+1.646500E+00,+378.580E-03,+35.307E-03
+1.649000E+00,+368.530E-03,-45.095E-03
+1.651500E+00,+368.530E-03,+15.206E-03
+1.654000E+00,+328.329E-03,+65.458E-03
+1.656500E+00,+353.455E-03,+35.307E-03
+1.659000E+00,+338.379E-03,-45.095E-03
+1.661500E+00,+363.505E-03,+135.809E-03
+1.664000E+00,+353.455E-03,-45.095E-03
+1.666500E+00,+338.379E-03,+65.458E-03
+1.669000E+00,+313.254E-03,+35.307E-03
+1.671500E+00,+353.455E-03,+35.307E-03
+1.674000E+00,+353.455E-03,+45.357E-03
+1.676500E+00,+353.455E-03,+15.206E-03
+1.679000E+00,+328.329E-03,-14.944E-03
+1.681500E+00,+328.329E-03,-14.944E-03
+1.684000E+00,+353.455E-03,+65.458E-03
+1.686500E+00,+353.455E-03,-14.944E-03
+1.689000E+00,+353.455E-03,+15.206E-03
+1.691500E+00,+338.379E-03,+15.206E-03
+1.694000E+00,+338.379E-03,+35.307E-03
+1.696500E+00,+338.379E-03,-14.944E-03
+1.699000E+00,+313.254E-03,+35.307E-03
+1.701500E+00,+338.379E-03,+35.307E-03
+1.704000E+00,+338.379E-03,-14.944E-03
+1.706500E+00,+313.254E-03,-14.944E-03
+1.709000E+00,+353.455E-03,-14.944E-03
+1.711500E+00,+338.379E-03,+65.458E-03
+1.714000E+00,+313.254E-03,+35.307E-03
+1.716500E+00,+328.329E-03,-65.196E-03
+1.719000E+00,+338.379E-03,-14.944E-03
+1.721500E+00,+328.329E-03,+35.307E-03
+1.724000E+00,+328.329E-03,+15.206E-03
+1.726500E+00,+338.379E-03,+15.206E-03
+1.729000E+00,+313.254E-03,+35.307E-03
+1.731500E+00,+298.178E-03,+35.307E-03
+1.734000E+00,+338.379E-03,-4.894E-03
+1.736500E+00,+313.254E-03,+15.206E-03
+1.739000E+00,+328.329E-03,+15.206E-03
+1.741500E+00,+313.254E-03,+15.206E-03
+1.744000E+00,+328.329E-03,+45.357E-03
+1.746500E+00,+338.379E-03,+65.458E-03
+1.749000E+00,+313.254E-03,+35.307E-03
+1.751500E+00,+273.053E-03,+35.307E-03
+1.754000E+00,+313.254E-03,+35.307E-03
+1.756500E+00,+328.329E-03,+35.307E-03
+1.759000E+00,+313.254E-03,+65.458E-03
+1.761500E+00,+313.254E-03,+65.458E-03
+1.764000E+00,+313.254E-03,+35.307E-03
+1.766500E+00,+313.254E-03,-14.944E-03
+1.769000E+00,+313.254E-03,+15.206E-03
+1.771500E+00,+313.254E-03,+35.307E-03
+1.774000E+00,+338.379E-03,+35.307E-03
+1.776500E+00,+313.254E-03,+95.608E-03
+1.779000E+00,+313.254E-03,+65.458E-03
+1.781500E+00,+323.304E-03,+85.558E-03
+1.784000E+00,+338.379E-03,+65.458E-03
+1.786500E+00,+313.254E-03,+65.458E-03
+1.789000E+00,+313.254E-03,-75.246E-03
+1.791500E+00,+313.254E-03,-24.995E-03
+1.794000E+00,+298.178E-03,+35.307E-03
+1.796500E+00,+313.254E-03,+65.458E-03
+1.799000E+00,+298.178E-03,-14.944E-03
+1.801500E+00,+313.254E-03,+15.206E-03
+1.804000E+00,+338.379E-03,+65.458E-03
+1.806500E+00,+288.128E-03,-14.944E-03
+1.809000E+00,+298.178E-03,+65.458E-03
+1.811500E+00,+313.254E-03,+15.206E-03
+1.814000E+00,+288.128E-03,+15.206E-03
+1.816500E+00,+313.254E-03,+45.357E-03
+1.819000E+00,+288.128E-03,+15.206E-03
+1.821500E+00,+273.053E-03,+65.458E-03
+1.824000E+00,+298.178E-03,-14.944E-03
+1.826500E+00,+298.178E-03,-55.145E-03
+1.829000E+00,+313.254E-03,+45.357E-03
+1.831500E+00,+288.128E-03,+35.307E-03
+1.834000E+00,+288.128E-03,-14.944E-03
+1.836500E+00,+273.053E-03,-14.944E-03
+1.839000E+00,+298.178E-03,+65.458E-03
+1.841500E+00,+273.053E-03,-65.196E-03
+1.844000E+00,+273.053E-03,+15.206E-03
+1.846500E+00,+273.053E-03,-14.944E-03
+1.849000E+00,+298.178E-03,+65.458E-03
+1.851500E+00,+313.254E-03,+35.307E-03
+1.854000E+00,+288.128E-03,+65.458E-03
+1.856500E+00,+298.178E-03,-14.944E-03
+1.859000E+00,+288.128E-03,+35.307E-03
+1.861500E+00,+283.103E-03,+35.307E-03
+1.864000E+00,+298.178E-03,+65.458E-03
+1.866500E+00,+298.178E-03,+65.458E-03
+1.869000E+00,+313.254E-03,+65.458E-03
+1.871500E+00,+313.254E-03,+35.307E-03
+1.874000E+00,+288.128E-03,-14.944E-03
+1.876500E+00,+298.178E-03,+35.307E-03
+1.879000E+00,+313.254E-03,+65.458E-03
+1.881500E+00,+313.254E-03,-14.944E-03
+1.884000E+00,+288.128E-03,+65.458E-03
+1.886500E+00,+298.178E-03,+35.307E-03
+1.889000E+00,+298.178E-03,+65.458E-03
+1.891500E+00,+298.178E-03,+65.458E-03
+1.894000E+00,+273.053E-03,-75.246E-03
+1.896500E+00,+273.053E-03,-14.944E-03
+1.899000E+00,+273.053E-03,+35.307E-03
+1.901500E+00,+288.128E-03,+15.206E-03
+1.904000E+00,+273.053E-03,+65.458E-03
+1.906500E+00,+298.178E-03,+15.206E-03
+1.909000E+00,+298.178E-03,-14.944E-03
+1.911500E+00,+298.178E-03,+15.206E-03
+1.914000E+00,+313.254E-03,+35.307E-03
+1.916500E+00,+273.053E-03,-14.944E-03
+1.919000E+00,+273.053E-03,-14.944E-03
+1.921500E+00,+298.178E-03,+105.659E-03
+1.924000E+00,+273.053E-03,+15.206E-03
+1.926500E+00,+288.128E-03,+15.206E-03
+1.929000E+00,+257.977E-03,-14.944E-03
+1.931500E+00,+288.128E-03,+65.458E-03
+1.934000E+00,+273.053E-03,-14.944E-03
+1.936500E+00,+273.053E-03,+35.307E-03
+1.939000E+00,+288.128E-03,+45.357E-03
+1.941500E+00,+273.053E-03,+65.458E-03
+1.944000E+00,+247.927E-03,-14.944E-03
+1.946500E+00,+273.053E-03,+15.206E-03
+1.949000E+00,+273.053E-03,+15.206E-03
+1.951500E+00,+288.128E-03,+65.458E-03
+1.954000E+00,+273.053E-03,+15.206E-03
+1.956500E+00,+273.053E-03,+125.759E-03
+1.959000E+00,+273.053E-03,-14.944E-03
+1.961500E+00,+298.178E-03,+65.458E-03
+1.964000E+00,+273.053E-03,+65.458E-03
+1.966500E+00,+257.977E-03,+65.458E-03
+1.969000E+00,+247.927E-03,+15.206E-03
+1.971500E+00,+257.977E-03,+15.206E-03
+1.974000E+00,+247.927E-03,+15.206E-03
+1.976500E+00,+273.053E-03,+15.206E-03
+1.979000E+00,+273.053E-03,+95.608E-03
+1.981500E+00,+273.053E-03,+65.458E-03
+1.984000E+00,+273.053E-03,+65.458E-03
+1.986500E+00,+273.053E-03,+35.307E-03
+1.989000E+00,+273.053E-03,+65.458E-03
+1.991500E+00,+273.053E-03,+35.307E-03
+1.994000E+00,+273.053E-03,-14.944E-03
+1.996500E+00,+247.927E-03,+65.458E-03
+1.999000E+00,+257.977E-03,-14.944E-03
+2.001500E+00,+273.053E-03,+15.206E-03
+2.004000E+00,+273.053E-03,+35.307E-03
+2.006500E+00,+257.977E-03,-14.944E-03
+2.009000E+00,+232.852E-03,+35.307E-03
+2.011500E+00,+257.977E-03,+35.307E-03
+2.014000E+00,+273.053E-03,-14.944E-03
+2.016500E+00,+247.927E-03,-14.944E-03
+2.019000E+00,+273.053E-03,-14.944E-03
+2.021500E+00,+232.852E-03,-45.095E-03
+2.024000E+00,+247.927E-03,-14.944E-03
+2.026500E+00,+247.927E-03,+65.458E-03
+2.029000E+00,+232.852E-03,-45.095E-03
+2.031500E+00,+257.977E-03,+65.458E-03
+2.034000E+00,+257.977E-03,+35.307E-03
+2.036500E+00,+257.977E-03,-75.246E-03
+2.039000E+00,+273.053E-03,-14.944E-03
+2.041500E+00,+247.927E-03,+5.156E-03
+2.044000E+00,+257.977E-03,-14.944E-03
+2.046500E+00,+247.927E-03,+65.458E-03
+2.049000E+00,+257.977E-03,-14.944E-03
+2.051500E+00,+232.852E-03,+65.458E-03
+2.054000E+00,+232.852E-03,+35.307E-03
+2.056500E+00,+257.977E-03,+15.206E-03
+2.059000E+00,+232.852E-03,+65.458E-03
+2.061500E+00,+232.852E-03,+15.206E-03
+2.064000E+00,+247.927E-03,+15.206E-03
+2.066500E+00,+232.852E-03,+65.458E-03
+2.069000E+00,+257.977E-03,+35.307E-03
+2.071500E+00,+257.977E-03,-14.944E-03
+2.074000E+00,+257.977E-03,-14.944E-03
+2.076500E+00,+257.977E-03,+15.206E-03
+2.079000E+00,+232.852E-03,+35.307E-03
+2.081500E+00,+247.927E-03,-14.944E-03
+2.084000E+00,+232.852E-03,+35.307E-03
+2.086500E+00,+247.927E-03,-14.944E-03
+2.089000E+00,+232.852E-03,+35.307E-03
+2.091500E+00,+207.726E-03,+15.206E-03
+2.094000E+00,+232.852E-03,+35.307E-03
+2.096500E+00,+247.927E-03,+15.206E-03
+2.099000E+00,+247.927E-03,+65.458E-03
+2.101500E+00,+247.927E-03,+65.458E-03
+2.104000E+00,+257.977E-03,+115.709E-03
+2.106500E+00,+207.726E-03,+15.206E-03
+2.109000E+00,+232.852E-03,-35.045E-03
+2.111500E+00,+217.776E-03,-14.944E-03
+2.114000E+00,+232.852E-03,+65.458E-03
+2.116500E+00,+232.852E-03,-14.944E-03
+2.119000E+00,+232.852E-03,+15.206E-03
+2.121500E+00,+232.852E-03,-45.095E-03
+2.124000E+00,+232.852E-03,+35.307E-03
+2.126500E+00,+232.852E-03,+65.458E-03
+2.129000E+00,+257.977E-03,-14.944E-03
+2.131500E+00,+232.852E-03,-45.095E-03
+2.134000E+00,+232.852E-03,-14.944E-03
+2.136500E+00,+232.852E-03,-14.944E-03
+2.139000E+00,+232.852E-03,+65.458E-03
+2.141500E+00,+232.852E-03,+15.206E-03
+2.144000E+00,+192.651E-03,+5.156E-03
+2.146500E+00,+247.927E-03,-14.944E-03
+2.149000E+00,+232.852E-03,+35.307E-03
+2.151500E+00,+232.852E-03,-14.944E-03
+2.154000E+00,+207.726E-03,+5.156E-03
+2.156500E+00,+257.977E-03,+65.458E-03
+2.159000E+00,+207.726E-03,-14.944E-03
+2.161500E+00,+232.852E-03,+35.307E-03
+2.164000E+00,+232.852E-03,-14.944E-03
+2.166500E+00,+217.776E-03,+65.458E-03
+2.169000E+00,+232.852E-03,+35.307E-03
+2.171500E+00,+232.852E-03,-65.196E-03
+2.174000E+00,+217.776E-03,-14.944E-03
+2.176500E+00,+192.651E-03,-14.944E-03
+2.179000E+00,+207.726E-03,+15.206E-03
+2.181500E+00,+192.651E-03,+35.307E-03
+2.184000E+00,+207.726E-03,-14.944E-03
+2.186500E+00,+217.776E-03,-45.095E-03
+2.189000E+00,+217.776E-03,+125.759E-03
+2.191500E+00,+232.852E-03,-14.944E-03
+2.194000E+00,+192.651E-03,-14.944E-03
+2.196500E+00,+232.852E-03,+65.458E-03
+2.199000E+00,+232.852E-03,-14.944E-03
+2.201500E+00,+192.651E-03,+15.206E-03
+2.204000E+00,+232.852E-03,+35.307E-03
+2.206500E+00,+192.651E-03,-45.095E-03
+2.209000E+00,+192.651E-03,-14.944E-03
+2.211500E+00,+232.852E-03,+15.206E-03
+2.214000E+00,+232.852E-03,-14.944E-03
+2.216500E+00,+232.852E-03,+15.206E-03
+2.219000E+00,+217.776E-03,+35.307E-03
+2.221500E+00,+192.651E-03,+35.307E-03
+2.224000E+00,+192.651E-03,-45.095E-03
+2.226500E+00,+192.651E-03,-65.196E-03
+2.229000E+00,+207.726E-03,+35.307E-03
+2.231500E+00,+232.852E-03,+35.307E-03
+2.234000E+00,+217.776E-03,+85.558E-03
+2.236500E+00,+192.651E-03,+15.206E-03
+2.239000E+00,+192.651E-03,+5.156E-03
+2.241500E+00,+232.852E-03,-14.944E-03
+2.244000E+00,+232.852E-03,-14.944E-03
+2.246500E+00,+192.651E-03,-14.944E-03
+2.249000E+00,+192.651E-03,-14.944E-03
+2.251500E+00,+192.651E-03,+15.206E-03
+2.254000E+00,+192.651E-03,+15.206E-03
+2.256500E+00,+232.852E-03,+35.307E-03
+2.259000E+00,+217.776E-03,+15.206E-03
+2.261500E+00,+192.651E-03,-14.944E-03
+2.264000E+00,+192.651E-03,-14.944E-03
+2.266500E+00,+217.776E-03,+35.307E-03
+2.269000E+00,+217.776E-03,+15.206E-03
+2.271500E+00,+217.776E-03,+15.206E-03
+2.274000E+00,+192.651E-03,-14.944E-03
+2.276500E+00,+217.776E-03,+15.206E-03
+2.279000E+00,+192.651E-03,-75.246E-03
+2.281500E+00,+192.651E-03,+65.458E-03
+2.284000E+00,+192.651E-03,+35.307E-03
+2.286500E+00,+207.726E-03,-14.944E-03
+2.289000E+00,+192.651E-03,-14.944E-03
+2.291500E+00,+192.651E-03,-14.944E-03
+2.294000E+00,+192.651E-03,+35.307E-03
+2.296500E+00,+192.651E-03,+15.206E-03
+2.299000E+00,+217.776E-03,+35.307E-03
+2.301500E+00,+192.651E-03,+65.458E-03
+2.304000E+00,+192.651E-03,+15.206E-03
+2.306500E+00,+192.651E-03,-35.045E-03
+2.309000E+00,+232.852E-03,+65.458E-03
+2.311500E+00,+192.651E-03,+15.206E-03
+2.314000E+00,+192.651E-03,+15.206E-03
+2.316500E+00,+192.651E-03,-14.944E-03
+2.319000E+00,+177.575E-03,+45.357E-03
+2.321500E+00,+192.651E-03,-14.944E-03
+2.324000E+00,+192.651E-03,+45.357E-03
+2.326500E+00,+192.651E-03,+65.458E-03
+2.329000E+00,+192.651E-03,+65.458E-03
+2.331500E+00,+192.651E-03,+65.458E-03
